test_all_shipped_cues_can_skip_synthesis (test_android_performance.AndroidPerformanceTests.test_all_shipped_cues_can_skip_synthesis) ... ok
test_android_cap_preserves_physics_and_survives_tier_changes (test_android_performance.AndroidPerformanceTests.test_android_cap_preserves_physics_and_survives_tier_changes) ... ok
test_android_exports_omit_test_resources_not_runtime_content (test_android_performance.AndroidPerformanceTests.test_android_exports_omit_test_resources_not_runtime_content) ... ok
test_damage_text_does_not_copy_active_array_each_frame (test_android_performance.AndroidPerformanceTests.test_damage_text_does_not_copy_active_array_each_frame) ... ok
test_enemy_feedback_uses_real_3d_properties_and_bounded_tween (test_android_performance.AndroidPerformanceTests.test_enemy_feedback_uses_real_3d_properties_and_bounded_tween) ... ok
test_invalid_projectile_scene_is_freed (test_android_performance.AndroidPerformanceTests.test_invalid_projectile_scene_is_freed) ... ok
test_particle_pool_has_no_detached_node_template (test_android_performance.AndroidPerformanceTests.test_particle_pool_has_no_detached_node_template) ... ok
test_probe_is_isolated_and_not_shipped (test_android_performance.AndroidPerformanceTests.test_probe_is_isolated_and_not_shipped) ... ok
test_rig_bounds_accept_non_spatial_children (test_android_performance.AndroidPerformanceTests.test_rig_bounds_accept_non_spatial_children) ... ok
test_shipped_audio_precedes_fallback_without_second_registration (test_android_performance.AndroidPerformanceTests.test_shipped_audio_precedes_fallback_without_second_registration) ... ok
test_tint_materials_allocated_only_once_per_pooled_object (test_android_performance.AndroidPerformanceTests.test_tint_materials_allocated_only_once_per_pooled_object) ... ok
test_export_preset_requests_only_vibrate (test_android_permissions.AndroidPermissionPolicyTests.test_export_preset_requests_only_vibrate) ... ok
test_no_custom_android_manifest_committed (test_android_permissions.AndroidPermissionPolicyTests.test_no_custom_android_manifest_committed) ... ok
test_offline_no_networking_in_game_scripts (test_android_permissions.AndroidPermissionPolicyTests.test_offline_no_networking_in_game_scripts) ... ok
test_policy_doc_is_bundled_in_export (test_android_permissions.AndroidPermissionPolicyTests.test_policy_doc_is_bundled_in_export) ... ok
test_android_guidance_never_requires_keyboard (test_android_shooter_controls.AndroidShooterControlsTests.test_android_guidance_never_requires_keyboard) ... ok
test_drag_capture_is_owned_and_never_drives_camera (test_android_shooter_controls.AndroidShooterControlsTests.test_drag_capture_is_owned_and_never_drives_camera) ... ok
test_fourth_action_uses_shared_safe_area_solver (test_android_shooter_controls.AndroidShooterControlsTests.test_fourth_action_uses_shared_safe_area_solver) ... ok
test_lifecycle_and_disabled_state_clear_both_intents (test_android_shooter_controls.AndroidShooterControlsTests.test_lifecycle_and_disabled_state_clear_both_intents) ... ok
test_manual_aim_is_camera_relative_and_survives_strafing (test_android_shooter_controls.AndroidShooterControlsTests.test_manual_aim_is_camera_relative_and_survives_strafing) ... ok
test_catalog_covers_expanded_game (test_assets.CoverageTests.test_catalog_covers_expanded_game) ... ok
test_content_ids_come_from_resources_not_filenames (test_assets.CoverageTests.test_content_ids_come_from_resources_not_filenames) ... ok
test_fresh_godot_import_keeps_embedded_textures_in_cache (test_assets.CoverageTests.test_fresh_godot_import_keeps_embedded_textures_in_cache) ... ok
test_missing_runtime_reference_is_detected (test_assets.CoverageTests.test_missing_runtime_reference_is_detected) ... ok
test_pickup_runtime_uses_catalog_models (test_assets.CoverageTests.test_pickup_runtime_uses_catalog_models) ... ok
test_untracked_download_is_detected (test_assets.CoverageTests.test_untracked_download_is_detected) ... ok
test_destination_traversal_and_scripts_are_rejected (test_assets.DownloadTests.test_destination_traversal_and_scripts_are_rejected) ... ok
test_existing_good_file_does_not_use_network (test_assets.DownloadTests.test_existing_good_file_does_not_use_network) ... ok
test_failed_repair_preserves_old_file (test_assets.DownloadTests.test_failed_repair_preserves_old_file) ... ok
test_missing_file_is_downloaded_and_verified (test_assets.DownloadTests.test_missing_file_is_downloaded_and_verified) ... ok
test_missing_offline_verify_is_read_only (test_assets.DownloadTests.test_missing_offline_verify_is_read_only) ... ok
test_network_failure_leaves_no_partial_file (test_assets.DownloadTests.test_network_failure_leaves_no_partial_file) ... ok
test_oversized_response_is_rejected (test_assets.DownloadTests.test_oversized_response_is_rejected) ... ok
test_repair_requires_and_accepts_approved_bytes (test_assets.DownloadTests.test_repair_requires_and_accepts_approved_bytes) ... ok
test_same_length_corruption_is_detected (test_assets.DownloadTests.test_same_length_corruption_is_detected) ... ok
test_symlink_destination_is_rejected (test_assets.DownloadTests.test_symlink_destination_is_rejected) ... ok
test_truncated_response_never_becomes_a_final_file (test_assets.DownloadTests.test_truncated_response_never_becomes_a_final_file) ... ok
test_unapproved_redirects_are_rejected (test_assets.DownloadTests.test_unapproved_redirects_are_rejected) ... ok
test_music_loops_are_real_vorbis_not_preview_html (test_assets.FormatTests.test_music_loops_are_real_vorbis_not_preview_html) ... ok
test_png_crc_is_checked (test_assets.FormatTests.test_png_crc_is_checked) ... ok
test_shipped_catalog_and_formats_pass (test_assets.FormatTests.test_shipped_catalog_and_formats_pass) ... ok
test_shipped_files_have_valid_checksums (test_assets.FormatTests.test_shipped_files_have_valid_checksums) ... ok
test_truncated_glb_is_rejected (test_assets.FormatTests.test_truncated_glb_is_rejected) ... ok
test_unapproved_external_dependency_is_rejected (test_assets.FormatTests.test_unapproved_external_dependency_is_rejected) ... ok
test_duplicate_destination_fails (test_assets.ManifestTests.test_duplicate_destination_fails) ... ok
test_empty_manifest_fails (test_assets.ManifestTests.test_empty_manifest_fails) ... ok
test_floating_revision_fails (test_assets.ManifestTests.test_floating_revision_fails) ... ok
test_missing_checksum_fails (test_assets.ManifestTests.test_missing_checksum_fails) ... ok
test_missing_commercial_permission_fails (test_assets.ManifestTests.test_missing_commercial_permission_fails) ... ok
test_missing_license_record_fails (test_assets.ManifestTests.test_missing_license_record_fails) ... ok
test_mit_notice_is_reviewed_and_required (test_assets.ManifestTests.test_mit_notice_is_reviewed_and_required) ... ok
test_oversized_lock_entry_fails (test_assets.ManifestTests.test_oversized_lock_entry_fails) ... ok
test_reviewed_manifest_loads_without_downloading (test_assets.ManifestTests.test_reviewed_manifest_loads_without_downloading) ... ok
test_shared_notice_requires_explicit_matching_pack (test_assets.ManifestTests.test_shared_notice_requires_explicit_matching_pack) ... ok
test_unapproved_license_fails (test_assets.ManifestTests.test_unapproved_license_fails) ... ok
test_unknown_shared_notice_pack_rejected (test_assets.ManifestTests.test_unknown_shared_notice_pack_rejected) ... ok
test_url_must_match_reviewed_source (test_assets.ManifestTests.test_url_must_match_reviewed_source) ... ok
test_all_test_wrappers_check_engine_error_channel (test_audit_tooling.AuditContractTests.test_all_test_wrappers_check_engine_error_channel) ... ok
test_ci_and_local_engine_pins_agree (test_audit_tooling.AuditContractTests.test_ci_and_local_engine_pins_agree) ... ok
test_release_requires_every_validation_job (test_audit_tooling.AuditContractTests.test_release_requires_every_validation_job) ... ok
test_scene_provenance_ignores_caches_and_gdignore (test_audit_tooling.AuditContractTests.test_scene_provenance_ignores_caches_and_gdignore) ... ok
test_unittest_methods_are_not_silently_overwritten (test_audit_tooling.AuditContractTests.test_unittest_methods_are_not_silently_overwritten) ... ok
test_ansi_colored_errors_are_not_hidden (test_audit_tooling.GodotLogTests.test_ansi_colored_errors_are_not_hidden) ... ok
test_clean_success (test_audit_tooling.GodotLogTests.test_clean_success) ... ok
test_empty_or_skipped_suites_fail (test_audit_tooling.GodotLogTests.test_empty_or_skipped_suites_fail) ... ok
test_expected_warnings_are_not_errors (test_audit_tooling.GodotLogTests.test_expected_warnings_are_not_errors) ... ok
test_missing_file_and_invalid_summary_regex_fail_cli (test_audit_tooling.GodotLogTests.test_missing_file_and_invalid_summary_regex_fail_cli) ... ok
test_negative_diagnostics_require_exact_bounded_expectations (test_audit_tooling.GodotLogTests.test_negative_diagnostics_require_exact_bounded_expectations) ... ok
test_nonzero_exit_overrides_successful_summary (test_audit_tooling.GodotLogTests.test_nonzero_exit_overrides_successful_summary) ... ok
test_zero_exit_does_not_hide_script_or_engine_errors (test_audit_tooling.GodotLogTests.test_zero_exit_does_not_hide_script_or_engine_errors) ... ok
test_explicit_headless_and_virtual_display_commands (test_audit_tooling.NativeRendererTests.test_explicit_headless_and_virtual_display_commands) ... ok
test_utf8_resources_and_literal_backslashes_are_valid (test_audit_tooling.ResourceEncodingTests.test_utf8_resources_and_literal_backslashes_are_valid) ... ok
test_archive_cannot_escape_staging (test_audit_tooling.TemplateInstallerTests.test_archive_cannot_escape_staging) ... ok
test_build_rejects_wrong_patch_version_before_expensive_steps (test_audit_tooling.TemplateInstallerTests.test_build_rejects_wrong_patch_version_before_expensive_steps) ... ok
test_defaults_and_xdg_profile_work_without_godot_version_env (test_audit_tooling.TemplateInstallerTests.test_defaults_and_xdg_profile_work_without_godot_version_env) ... ok
test_export_archive_checks_actual_version_before_installing (test_audit_tooling.TemplateInstallerTests.test_export_archive_checks_actual_version_before_installing) ... ok
test_incomplete_archive_is_not_committed (test_audit_tooling.TemplateInstallerTests.test_incomplete_archive_is_not_committed) ... ok
test_incomplete_existing_build_is_never_deleted (test_audit_tooling.TemplateInstallerTests.test_incomplete_existing_build_is_never_deleted) ... ok
test_invalid_version_cannot_leave_a_stale_success_report (test_audit_tooling.TemplateInstallerTests.test_invalid_version_cannot_leave_a_stale_success_report) ... ok
test_matching_install_preserves_customizations_and_needs_no_archive (test_audit_tooling.TemplateInstallerTests.test_matching_install_preserves_customizations_and_needs_no_archive) ... ok
test_stale_or_empty_cached_templates_cannot_satisfy_a_bad_download (test_audit_tooling.TemplateInstallerTests.test_stale_or_empty_cached_templates_cannot_satisfy_a_bad_download) ... ok
test_symlink_members_are_rejected (test_audit_tooling.TemplateInstallerTests.test_symlink_members_are_rejected) ... ok
test_profiles_isolate_home_and_xdg_not_just_linux_saves (test_audit_tooling.TestProfileTests.test_profiles_isolate_home_and_xdg_not_just_linux_saves) ... ok
test_timeout_preserves_engine_failure_and_bounds_hung_runs (test_audit_tooling.TestProfileTests.test_timeout_preserves_engine_failure_and_bounds_hung_runs) ... ok
test_changed_recipe_requires_explicit_rebuild (test_hero_fidelity.DerivedProvenanceTests.test_changed_recipe_requires_explicit_rebuild) ... ok
test_copied_inventory_verifies_offline (test_hero_fidelity.DerivedProvenanceTests.test_copied_inventory_verifies_offline) ... ok
test_derivative_inventory_cannot_whitelist_arbitrary_downloads (test_hero_fidelity.DerivedProvenanceTests.test_derivative_inventory_cannot_whitelist_arbitrary_downloads) ... ok
test_made_up_input_cannot_replace_reviewed_donor (test_hero_fidelity.DerivedProvenanceTests.test_made_up_input_cannot_replace_reviewed_donor) ... ok
test_missing_notice_is_rejected (test_hero_fidelity.DerivedProvenanceTests.test_missing_notice_is_rejected) ... ok
test_missing_output_is_fatal_to_verification (test_hero_fidelity.DerivedProvenanceTests.test_missing_output_is_fatal_to_verification) ... ok
test_modified_texture_is_not_silently_approved (test_hero_fidelity.DerivedProvenanceTests.test_modified_texture_is_not_silently_approved) ... ok
test_a_missing_attack_cannot_masquerade_as_complete_rig (test_hero_fidelity.HeroFidelityTests.test_a_missing_attack_cannot_masquerade_as_complete_rig) ... ok
test_animation_remains_cosmetic_and_body_dimensions_are_unchanged (test_hero_fidelity.HeroFidelityTests.test_animation_remains_cosmetic_and_body_dimensions_are_unchanged) ... ok
test_bad_skin_weights_fail (test_hero_fidelity.HeroFidelityTests.test_bad_skin_weights_fail) ... ok
test_body_and_gladius_share_exactly_three_pbr_maps (test_hero_fidelity.HeroFidelityTests.test_body_and_gladius_share_exactly_three_pbr_maps) ... ok
test_empty_tracks_are_not_animation_coverage (test_hero_fidelity.HeroFidelityTests.test_empty_tracks_are_not_animation_coverage) ... ok
test_exact_source_inventory_survives_retarget (test_hero_fidelity.HeroFidelityTests.test_exact_source_inventory_survives_retarget) ... ok
test_methods_or_transform_tracks_cannot_escape_skeleton (test_hero_fidelity.HeroFidelityTests.test_methods_or_transform_tracks_cannot_escape_skeleton) ... ok
test_new_native_suite_is_registered (test_hero_fidelity.HeroFidelityTests.test_new_native_suite_is_registered) ... ok
test_non_increasing_timestamps_fail (test_hero_fidelity.HeroFidelityTests.test_non_increasing_timestamps_fail) ... ok
test_production_geometry_skin_and_all_required_motion_are_valid (test_hero_fidelity.HeroFidelityTests.test_production_geometry_skin_and_all_required_motion_are_valid) ... ok
test_runtime_and_catalog_select_the_replacement (test_hero_fidelity.HeroFidelityTests.test_runtime_and_catalog_select_the_replacement) ... ok
test_viewer_uses_real_assets_and_vendor_module_graph_is_complete (test_hero_fidelity.HeroFidelityTests.test_viewer_uses_real_assets_and_vendor_module_graph_is_complete) ... ok
test_boss_phases_use_deterministic_lookup (test_integration_wave_boss.BossSummonIntegrationTests.test_boss_phases_use_deterministic_lookup) ... ok
test_boss_signal_connected_before_begin_fight (test_integration_wave_boss.BossSummonIntegrationTests.test_boss_signal_connected_before_begin_fight) ... ok
test_boss_summon_extends_ledger (test_integration_wave_boss.BossSummonIntegrationTests.test_boss_summon_extends_ledger) ... ok
test_boss_uses_seeded_rng_not_global (test_integration_wave_boss.BossSummonIntegrationTests.test_boss_uses_seeded_rng_not_global) ... ok
test_flat_directories_still_supported (test_integration_wave_boss.ContentLoaderRecursionTests.test_flat_directories_still_supported) ... ok
test_loader_is_recursive (test_integration_wave_boss.ContentLoaderRecursionTests.test_loader_is_recursive) ... ok
test_boss_not_using_global_randi (test_integration_wave_boss.DeterminismAuditTests.test_boss_not_using_global_randi) ... ok
test_camera_rig_is_cosmetic_only (test_integration_wave_boss.DeterminismAuditTests.test_camera_rig_is_cosmetic_only) ... ok
test_combat_uses_injected_or_seeded_rng (test_integration_wave_boss.DeterminismAuditTests.test_combat_uses_injected_or_seeded_rng) ... ok
test_damage_numbers_are_cosmetic (test_integration_wave_boss.DeterminismAuditTests.test_damage_numbers_are_cosmetic) ... ok
test_pause_is_overlay (test_integration_wave_boss.PauseResumeIntegrationTests.test_pause_is_overlay) ... ok
test_wave_pause_freezes_timers (test_integration_wave_boss.PauseResumeIntegrationTests.test_wave_pause_freezes_timers) ... ok
test_enemies_stop_on_game_over (test_integration_wave_boss.PlayerDeathIntegrationTests.test_enemies_stop_on_game_over) ... ok
test_game_root_routes_to_game_over (test_integration_wave_boss.PlayerDeathIntegrationTests.test_game_root_routes_to_game_over) ... ok
test_player_death_disables_attacks (test_integration_wave_boss.PlayerDeathIntegrationTests.test_player_death_disables_attacks) ... ok
test_player_has_health_died_signal (test_integration_wave_boss.PlayerDeathIntegrationTests.test_player_has_health_died_signal) ... ok
test_boss_controller_disconnects_on_exit (test_integration_wave_boss.RunLifecycleLeakTests.test_boss_controller_disconnects_on_exit) ... ok
test_hitstop_restores_time_scale (test_integration_wave_boss.RunLifecycleLeakTests.test_hitstop_restores_time_scale) ... ok
test_spawn_manager_prunes_stale_enemies (test_integration_wave_boss.RunLifecycleLeakTests.test_spawn_manager_prunes_stale_enemies) ... ok
test_wave_manager_disconnects_on_stop (test_integration_wave_boss.RunLifecycleLeakTests.test_wave_manager_disconnects_on_stop) ... ok
test_dispatch_split_extends_ledger (test_integration_wave_boss.SplitterIntegrationTests.test_dispatch_split_extends_ledger) ... ok
test_splitter_burst_registers_direct_spawn (test_integration_wave_boss.SplitterIntegrationTests.test_splitter_burst_registers_direct_spawn) ... ok
test_splitter_failure_still_extends_ledger (test_integration_wave_boss.SplitterIntegrationTests.test_splitter_failure_still_extends_ledger) ... ok
test_bounded_retry_prevents_stall (test_integration_wave_boss.WaveLedgerIntegrationTests.test_bounded_retry_prevents_stall) ... ok
test_spawn_ledger_tracks_planned_pending_active_defeated_failed (test_integration_wave_boss.WaveLedgerIntegrationTests.test_spawn_ledger_tracks_planned_pending_active_defeated_failed) ... ok
test_wave_manager_waits_for_ledger_not_spawned (test_integration_wave_boss.WaveLedgerIntegrationTests.test_wave_manager_waits_for_ledger_not_spawned) ... ok
test_50_wave_cycles_with_splitter_and_boss (test_lifecycle_stress.LifecycleStressTests.test_50_wave_cycles_with_splitter_and_boss)
Each wave: 10 planned -> 2 splitters add 2 children each -> boss adds 3 summons. ... ok
test_boss_immediate_summon_not_lost (test_lifecycle_stress.LifecycleStressTests.test_boss_immediate_summon_not_lost)
Regression for P0: summon emitted during begin_fight must be counted. ... ok
test_bounded_retry_does_not_block_wave (test_lifecycle_stress.LifecycleStressTests.test_bounded_retry_does_not_block_wave) ... ok
test_pause_does_not_advance_ledger (test_lifecycle_stress.LifecycleStressTests.test_pause_does_not_advance_ledger) ... ok
test_restart_50_times_no_accumulation (test_lifecycle_stress.LifecycleStressTests.test_restart_50_times_no_accumulation) ... ok
test_splitter_failure_still_extends_ledger (test_lifecycle_stress.LifecycleStressTests.test_splitter_failure_still_extends_ledger) ... ok
test_catalog_doc_covers_the_new_art (test_regress_arena_art.ArtCatalogDocTests.test_catalog_doc_covers_the_new_art) ... ok
test_new_props_are_composed (test_regress_arena_art.DecoratorCompositionTests.test_new_props_are_composed) ... ok
test_wall_props_stay_visual_only (test_regress_arena_art.DecoratorCompositionTests.test_wall_props_stay_visual_only) ... ok
test_new_dungeon_files_are_manifest_locked (test_regress_arena_art.DownloadedArtIsLockedTests.test_new_dungeon_files_are_manifest_locked) ... ok
test_markers_mount_floor_models (test_regress_arena_art.HazardModelTests.test_markers_mount_floor_models) ... ok
test_telegraph_disc_never_scales (test_regress_arena_art.HazardModelTests.test_telegraph_disc_never_scales)
The disc is the honest hitbox read: pulsing it by scale would lie about ... ok
test_builder_carries_floor_art_and_idle (test_regress_arena_art.LandmarkFloorArtTests.test_builder_carries_floor_art_and_idle) ... ok
test_floor_ring_clears_the_dais (test_regress_arena_art.LandmarkFloorArtTests.test_floor_ring_clears_the_dais)
The wide accent ring must sit outside the dais rim or the dais hides it. ... ok
test_station_displays_replace_fantasy_banners (test_regress_arena_art.ShieldBannerIdentityTests.test_station_displays_replace_fantasy_banners) ... ok
test_glow_halo_uses_the_approved_sprite (test_regress_arena_art.TorchGlowTests.test_glow_halo_uses_the_approved_sprite) ... ok
test_arena_spawn_guarded (test_regress_arena_guards.ArenaGuards.test_arena_spawn_guarded) ... ok
test_camera_reduced_motion (test_regress_arena_guards.ArenaGuards.test_camera_reduced_motion) ... ok
test_minimap_throttled (test_regress_arena_guards.ArenaGuards.test_minimap_throttled) ... ok
test_player_aim_guarded (test_regress_arena_guards.ArenaGuards.test_player_aim_guarded) ... ok
test_arena_resolves_one_config_and_reads_it (test_regress_arena_world_data.ConsumerWiringTests.test_arena_resolves_one_config_and_reads_it) ... ok
test_landmark_builder_reads_its_config (test_regress_arena_world_data.ConsumerWiringTests.test_landmark_builder_reads_its_config) ... ok
test_the_dead_look_is_reported (test_regress_arena_world_data.ConsumerWiringTests.test_the_dead_look_is_reported) ... ok
test_theme_null_is_a_real_choice (test_regress_arena_world_data.ConsumerWiringTests.test_theme_null_is_a_real_choice) ... ok
test_architecture_owns_the_section (test_regress_arena_world_data.DocsTellTheTruthTests.test_architecture_owns_the_section) ... ok
test_extending_documents_the_authored_world (test_regress_arena_world_data.DocsTellTheTruthTests.test_extending_documents_the_authored_world) ... ok
test_handoff_stops_telling_modders_to_grep_a_table (test_regress_arena_world_data.DocsTellTheTruthTests.test_handoff_stops_telling_modders_to_grep_a_table) ... ok
test_the_new_resources_are_listed_where_content_is_listed (test_regress_arena_world_data.DocsTellTheTruthTests.test_the_new_resources_are_listed_where_content_is_listed) ... ok
test_arena_holds_no_theme_or_panorama_table (test_regress_arena_world_data.IdTablesAreGoneTests.test_arena_holds_no_theme_or_panorama_table) ... ok
test_decorator_is_the_one_documented_id_branch (test_regress_arena_world_data.IdTablesAreGoneTests.test_decorator_is_the_one_documented_id_branch)
The decor scatter is seeded from the arena id, so re-keying it to data would move ... ok
test_no_arena_id_literals_outside_the_default (test_regress_arena_world_data.IdTablesAreGoneTests.test_no_arena_id_literals_outside_the_default)
`arena_id`'s own export default is fine; naming *other* arenas is not. ... ok
test_node_identity_is_authored_not_sniffed_from_names (test_regress_arena_world_data.IdTablesAreGoneTests.test_node_identity_is_authored_not_sniffed_from_names) ... ok
test_obstacle_layout_is_read_from_the_config_not_matched_on_id (test_regress_arena_world_data.IdTablesAreGoneTests.test_obstacle_layout_is_read_from_the_config_not_matched_on_id) ... ok
test_the_landmark_refuses_an_unknown_kind_instead_of_defaulting (test_regress_arena_world_data.IdTablesAreGoneTests.test_the_landmark_refuses_an_unknown_kind_instead_of_defaulting) ... ok
test_build_nodes_sizes_come_from_the_placement (test_regress_arena_world_data.RecordTypesAreGoneTests.test_build_nodes_sizes_come_from_the_placement) ... ok
test_nav_grid_takes_typed_boxes (test_regress_arena_world_data.RecordTypesAreGoneTests.test_nav_grid_takes_typed_boxes) ... ok
test_no_dictionary_obstacle_records (test_regress_arena_world_data.RecordTypesAreGoneTests.test_no_dictionary_obstacle_records) ... ok
test_the_geometry_derivation_lives_on_the_type (test_regress_arena_world_data.RecordTypesAreGoneTests.test_the_geometry_derivation_lives_on_the_type)
One derivation of "the box this object occupies", used by nav and by the grid. ... ok
test_the_one_nav_block_rule_and_no_invented_engine_members (test_regress_arena_world_data.RecordTypesAreGoneTests.test_the_one_nav_block_rule_and_no_invented_engine_members) ... ok
test_arenas_author_their_whole_world (test_regress_arena_world_data.ShippedDataFidelityTests.test_arenas_author_their_whole_world) ... ok
test_fallback_is_the_pit_layout_and_shares_its_numbers (test_regress_arena_world_data.ShippedDataFidelityTests.test_fallback_is_the_pit_layout_and_shares_its_numbers)
The fallback exists for arenas that author nothing; it is only defensible while it ... ok
test_landmark_numbers_match_the_deleted_shapes (test_regress_arena_world_data.ShippedDataFidelityTests.test_landmark_numbers_match_the_deleted_shapes) ... ok
test_no_shipped_obstacle_is_buried_in_its_landmark (test_regress_arena_world_data.ShippedDataFidelityTests.test_no_shipped_obstacle_is_buried_in_its_landmark)
Same rule as ArenaConfig._obstacle_landmark_overlap, run from the data side, so a ... ok
test_obstacle_layouts_are_the_placed_set_that_shipped (test_regress_arena_world_data.ShippedDataFidelityTests.test_obstacle_layouts_are_the_placed_set_that_shipped) ... ok
test_shipped_layouts_respect_their_arena_bounds (test_regress_arena_world_data.ShippedDataFidelityTests.test_shipped_layouts_respect_their_arena_bounds)
ArenaConfig cannot check this (the interior half-extent lives on the scene), so the ... ok
test_station_skies_are_procedural_and_distinct (test_regress_arena_world_data.ShippedDataFidelityTests.test_station_skies_are_procedural_and_distinct) ... ok
test_theme_numbers_match_the_deleted_table (test_regress_arena_world_data.ShippedDataFidelityTests.test_theme_numbers_match_the_deleted_table) ... ok
test_configs_are_validated_at_load (test_regress_arena_world_data.TypeContractTests.test_configs_are_validated_at_load) ... ok
test_every_ambient_colour_is_audited (test_regress_arena_world_data.TypeContractTests.test_every_ambient_colour_is_audited)
The validator sweeps a fixed list of colour fields. If a designer adds a Color ... ok
test_mirror_vocabulary_is_shared_with_hazards (test_regress_arena_world_data.TypeContractTests.test_mirror_vocabulary_is_shared_with_hazards)
One arena reads as one coordinate system. The mirror ids an obstacle accepts must ... ok
test_numbers_have_editor_ranges (test_regress_arena_world_data.TypeContractTests.test_numbers_have_editor_ranges)
@export_range is the other half of validation: the inspector must not be able to ... ok
test_the_obsolete_kind_field_stayed_deleted (test_regress_arena_world_data.TypeContractTests.test_the_obsolete_kind_field_stayed_deleted)
The old records carried `kind`, which nothing read: an unread field in a validated ... ok
test_validate_rule_messages_are_pinned_verbatim (test_regress_arena_world_data.TypeContractTests.test_validate_rule_messages_are_pinned_verbatim)
A rule count is not a guard: deleting a rule keeps the count honest only until ... ok
test_achievements_flawless_wiring (test_regress_armory_meta.ArmoryMetaTests.test_achievements_flawless_wiring) ... ok
test_apply_all_hoisted_guard (test_regress_armory_meta.ArmoryMetaTests.test_apply_all_hoisted_guard) ... ok
test_armory_migrates_legacy_key (test_regress_armory_meta.ArmoryMetaTests.test_armory_migrates_legacy_key) ... ok
test_armory_vitality_key_correct (test_regress_armory_meta.ArmoryMetaTests.test_armory_vitality_key_correct) ... ok
test_skill_unlock_gate_minus1_blocked (test_regress_armory_meta.ArmoryMetaTests.test_skill_unlock_gate_minus1_blocked) ... ok
test_upgrade_service_preserves_active_modifiers (test_regress_armory_meta.ArmoryMetaTests.test_upgrade_service_preserves_active_modifiers) ... ok
test_for_cue_is_the_live_default (test_regress_audio_engine.TestAudioConfigContract.test_for_cue_is_the_live_default) ... ok
test_manager_uses_registered_or_default_config (test_regress_audio_engine.TestAudioConfigContract.test_manager_uses_registered_or_default_config) ... ok
test_dead_manager_music_path_removed (test_regress_audio_engine.TestMusicLayering.test_dead_manager_music_path_removed) ... ok
test_fake_volume_nudge_layer_removed (test_regress_audio_engine.TestMusicLayering.test_fake_volume_nudge_layer_removed) ... ok
test_real_stem_layering (test_regress_audio_engine.TestMusicLayering.test_real_stem_layering) ... ok
test_v1_api_preserved (test_regress_audio_engine.TestMusicLayering.test_v1_api_preserved) ... ok
test_soak_and_stress_seams_intact (test_regress_audio_engine.TestRuntimePinsPreserved.test_soak_and_stress_seams_intact) ... ok
test_unit_suite_registered (test_regress_audio_engine.TestRuntimePinsPreserved.test_unit_suite_registered) ... ok
test_play_sfx_honors_the_contract (test_regress_audio_engine.TestSfxGovernance.test_play_sfx_honors_the_contract) ... ok
test_policy_core_exists (test_regress_audio_engine.TestSfxGovernance.test_policy_core_exists) ... ok
test_stealing_is_per_cue_oldest_then_global (test_regress_audio_engine.TestSfxGovernance.test_stealing_is_per_cue_oldest_then_global) ... ok
test_ui_bus_exists_and_routes (test_regress_audio_engine.TestSfxGovernance.test_ui_bus_exists_and_routes) ... ok
test_voices_are_click_safe (test_regress_audio_engine.TestSfxGovernance.test_voices_are_click_safe) ... ok
test_game_root_binds_the_player (test_regress_audio_spatial.TestListenerBind.test_game_root_binds_the_player) ... ok
test_listener_is_not_parented_onto_the_player (test_regress_audio_spatial.TestListenerBind.test_listener_is_not_parented_onto_the_player) ... ok
test_manager_applies_snapshots_without_owning_music (test_regress_audio_spatial.TestMixSnapshots.test_manager_applies_snapshots_without_owning_music) ... ok
test_pause_and_state_hooks (test_regress_audio_spatial.TestMixSnapshots.test_pause_and_state_hooks) ... ok
test_snapshot_ids_and_music_offset_zero (test_regress_audio_spatial.TestMixSnapshots.test_snapshot_ids_and_music_offset_zero) ... ok
test_enemy_audio_follows_the_host (test_regress_audio_spatial.TestSpatialWorldFoley.test_enemy_audio_follows_the_host) ... ok
test_play_sfx_at_and_on_exist (test_regress_audio_spatial.TestSpatialWorldFoley.test_play_sfx_at_and_on_exist) ... ok
test_spatial_pool_is_3d_and_sfx_bus (test_regress_audio_spatial.TestSpatialWorldFoley.test_spatial_pool_is_3d_and_sfx_bus) ... ok
test_world_cue_table_covers_enemy_foley (test_regress_audio_spatial.TestSpatialWorldFoley.test_world_cue_table_covers_enemy_foley) ... ok
test_world_path_culls_then_policies (test_regress_audio_spatial.TestSpatialWorldFoley.test_world_path_culls_then_policies) ... ok
test_click_safe_bank_matches_manager (test_regress_audio_spatial.TestStemsRegistered.test_click_safe_bank_matches_manager) ... ok
test_procedural_stems_exist (test_regress_audio_spatial.TestStemsRegistered.test_procedural_stems_exist) ... ok
test_play_sfx_routes_ui_bus_to_the_ui_bank (test_regress_audio_spatial.TestUiBankIsolation.test_play_sfx_routes_ui_bus_to_the_ui_bank) ... ok
test_ui_bank_is_a_separate_pool (test_regress_audio_spatial.TestUiBankIsolation.test_ui_bank_is_a_separate_pool) ... ok
test_ui_tokens_do_not_overlap_sfx_indices (test_regress_audio_spatial.TestUiBankIsolation.test_ui_tokens_do_not_overlap_sfx_indices) ... ok
test_spatial_suite_is_in_run_tests (test_regress_audio_spatial.TestUnitSuiteRegistered.test_spatial_suite_is_in_run_tests) ... ok
test_animation_single_authority (test_regress_authority_isolation.AuthorityTests.test_animation_single_authority) ... ok
test_damage_authority (test_regress_authority_isolation.AuthorityTests.test_damage_authority) ... ok
test_movement_single_authority (test_regress_authority_isolation.AuthorityTests.test_movement_single_authority) ... ok
test_player_aim_guarded (test_regress_authority_isolation.AuthorityTests.test_player_aim_guarded) ... ok
test_spawn_single_authority (test_regress_authority_isolation.AuthorityTests.test_spawn_single_authority) ... ok
test_achievements_uses_selected_count (test_regress_batch12_guards.AchievementsGuardTests.test_achievements_uses_selected_count) ... ok
test_critical_finite_and_instance_valid (test_regress_batch12_guards.CriticalSystemGuardTests.test_critical_finite_and_instance_valid) ... ok
test_health_finite_payload (test_regress_batch12_guards.HealthComponentGuardTests.test_health_finite_payload) ... ok
test_main_create_systems_uses_safe_seed (test_regress_batch12_guards.MainSafeGuardsTests.test_main_create_systems_uses_safe_seed) ... ok
test_main_has_safe_helpers (test_regress_batch12_guards.MainSafeGuardsTests.test_main_has_safe_helpers) ... ok
test_main_uses_safe_arena_id_for_camera (test_regress_batch12_guards.MainSafeGuardsTests.test_main_uses_safe_arena_id_for_camera) ... ok
test_main_uses_safe_seed_for_wave_manager (test_regress_batch12_guards.MainSafeGuardsTests.test_main_uses_safe_seed_for_wave_manager) ... ok
test_progression_finite (test_regress_batch12_guards.ProgressionComponentGuardTests.test_progression_finite) ... ok
test_weighted_table_clamps_and_finite (test_regress_batch12_guards.WeightedTableGuardTests.test_weighted_table_clamps_and_finite) ... ok
test_authored_thresholds_are_positive_dots (test_regress_camera_modules.AutoFollowAndFramingTests.test_authored_thresholds_are_positive_dots) ... ok
test_combat_boom_is_applied_once (test_regress_camera_modules.AutoFollowAndFramingTests.test_combat_boom_is_applied_once) ... ok
test_combat_framing_lerps_every_frame (test_regress_camera_modules.AutoFollowAndFramingTests.test_combat_framing_lerps_every_frame) ... ok
test_shooter_profiles_disable_souls_auto_follow (test_regress_camera_modules.AutoFollowAndFramingTests.test_shooter_profiles_disable_souls_auto_follow) ... ok
test_toward_camera_threshold_is_consumed (test_regress_camera_modules.AutoFollowAndFramingTests.test_toward_camera_threshold_is_consumed) ... ok
test_godot_module_suite_is_registered (test_regress_camera_modules.HarnessRegistrationTests.test_godot_module_suite_is_registered) ... ok
test_player_owns_lock_on_input (test_regress_camera_modules.LockOnOwnershipTests.test_player_owns_lock_on_input) ... ok
test_rig_unhandled_input_does_not_also_toggle_lock (test_regress_camera_modules.LockOnOwnershipTests.test_rig_unhandled_input_does_not_also_toggle_lock) ... ok
test_clear_collision_keeps_shoulder_offset (test_regress_camera_modules.ModeAndCollisionTests.test_clear_collision_keeps_shoulder_offset) ... ok
test_unlock_restores_mode_before_lock (test_regress_camera_modules.ModeAndCollisionTests.test_unlock_restores_mode_before_lock) ... ok
test_gamepad_stick_is_not_read_twice (test_regress_camera_modules.TouchAndStickTests.test_gamepad_stick_is_not_read_twice) ... ok
test_move_stick_cannot_turn_the_camera (test_regress_camera_modules.TouchAndStickTests.test_move_stick_cannot_turn_the_camera) ... ok
test_touch_drag_uses_look_delta_not_fake_mouse (test_regress_camera_modules.TouchAndStickTests.test_touch_drag_uses_look_delta_not_fake_mouse) ... ok
test_collision_solver_recovers_from_inside_a_wall (test_regress_camera_spawn_containment.CameraBoomTests.test_collision_solver_recovers_from_inside_a_wall) ... ok
test_orbit_distance_is_profile_capped_not_hard_10_5 (test_regress_camera_spawn_containment.CameraBoomTests.test_orbit_distance_is_profile_capped_not_hard_10_5) ... ok
test_rig_writes_position_through_boom_fit (test_regress_camera_spawn_containment.CameraBoomTests.test_rig_writes_position_through_boom_fit) ... ok
test_shorten_arm_helper_exists (test_regress_camera_spawn_containment.CameraBoomTests.test_shorten_arm_helper_exists) ... ok
test_godot_suites_are_registered (test_regress_camera_spawn_containment.HarnessRegistrationTests.test_godot_suites_are_registered) ... ok
test_locomotion_nan_suite_still_covers_boom_fit (test_regress_camera_spawn_containment.HarnessRegistrationTests.test_locomotion_nan_suite_still_covers_boom_fit) ... ok
test_player_start_faces_into_the_yard (test_regress_camera_spawn_containment.PlayerStartFacingTests.test_player_start_faces_into_the_yard) ... ok
test_arena_exposes_unstuck_and_safe_spawn (test_regress_camera_spawn_containment.SafeSpawnTests.test_arena_exposes_unstuck_and_safe_spawn) ... ok
test_locomotion_lifts_a_buried_body (test_regress_camera_spawn_containment.SafeSpawnTests.test_locomotion_lifts_a_buried_body) ... ok
test_main_spawns_through_the_safe_pose (test_regress_camera_spawn_containment.SafeSpawnTests.test_main_spawns_through_the_safe_pose) ... ok
test_move_and_slide_jump_is_rolled_back (test_regress_camera_spawn_containment.WallClashTests.test_move_and_slide_jump_is_rolled_back) ... ok
test_masks_are_compositions_not_new_numbers (test_regress_collision_contract.ContractDeclarationTests.test_masks_are_compositions_not_new_numbers) ... ok
test_one_bit_per_layer_in_layer_names_order (test_regress_collision_contract.ContractDeclarationTests.test_one_bit_per_layer_in_layer_names_order) ... ok
test_project_layer_names_agree_with_the_constants (test_regress_collision_contract.ContractDeclarationTests.test_project_layer_names_agree_with_the_constants) ... ok
test_camera_queries_geometry_only (test_regress_collision_contract.DecisionTests.test_camera_queries_geometry_only) ... ok
test_enemies_block_each_other_and_the_world_blocks_everyone (test_regress_collision_contract.DecisionTests.test_enemies_block_each_other_and_the_world_blocks_everyone) ... ok
test_hero_and_enemies_do_not_body_block (test_regress_collision_contract.DecisionTests.test_hero_and_enemies_do_not_body_block) ... ok
test_pickups_are_polled_not_detected (test_regress_collision_contract.DecisionTests.test_pickups_are_polled_not_detected) ... ok
test_projectiles_may_hit_actors_and_geometry (test_regress_collision_contract.DecisionTests.test_projectiles_may_hit_actors_and_geometry) ... ok
test_separation_queries_peers_only (test_regress_collision_contract.DecisionTests.test_separation_queries_peers_only) ... ok
test_query_masks_are_named_too (test_regress_collision_contract.NoMagicBitsTests.test_query_masks_are_named_too) ... ok
test_scripts_never_assign_numeric_collision_layers (test_regress_collision_contract.NoMagicBitsTests.test_scripts_never_assign_numeric_collision_layers) ... ok
test_arena_world_body_bits (test_regress_collision_contract.SceneBitTests.test_arena_world_body_bits) ... ok
test_enemy_archetypes_inherit_the_contract (test_regress_collision_contract.SceneBitTests.test_enemy_archetypes_inherit_the_contract) ... ok
test_enemy_base_bits (test_regress_collision_contract.SceneBitTests.test_enemy_base_bits) ... ok
test_player_body_bits (test_regress_collision_contract.SceneBitTests.test_player_body_bits) ... ok
test_area_damage_tie_deterministic (test_regress_combat_damage.CombatDamageTests.test_area_damage_tie_deterministic) ... ok
test_arena_hazards_stable_spike_key (test_regress_combat_damage.CombatDamageTests.test_arena_hazards_stable_spike_key)
Field throttling must key on a stable identity and live on the hazard. ... ok
test_damage_payload_deep_duplicate_and_timestamp (test_regress_combat_damage.CombatDamageTests.test_damage_payload_deep_duplicate_and_timestamp) ... ok
test_hitscan_adds_target_hit_radius (test_regress_combat_damage.CombatDamageTests.test_hitscan_adds_target_hit_radius) ... ok
test_hitstop_restores_on_exit (test_regress_combat_damage.CombatDamageTests.test_hitstop_restores_on_exit) ... ok
test_hitstop_stacks_with_max (test_regress_combat_damage.CombatDamageTests.test_hitstop_stacks_with_max) ... ok
test_melee_resolver_uses_hit_radius_protocol (test_regress_combat_damage.CombatDamageTests.test_melee_resolver_uses_hit_radius_protocol) ... ok
test_projectile_pool_emergency_fallback (test_regress_combat_damage.CombatDamageTests.test_projectile_pool_emergency_fallback) ... ok
test_ranged_resolver_clamps_spread (test_regress_combat_damage.CombatDamageTests.test_ranged_resolver_clamps_spread) ... ok
test_weapon_instance_crits_go_through_pity (test_regress_combat_damage.CombatDamageTests.test_weapon_instance_crits_go_through_pity)
Player swings used to call RngService.chance directly, so authored ... ok
test_weapon_status_uses_damageable_seam (test_regress_combat_damage.CombatDamageTests.test_weapon_status_uses_damageable_seam) ... ok
test_zero_damage_after_mitigation_is_blocked (test_regress_combat_damage.CombatDamageTests.test_zero_damage_after_mitigation_is_blocked) ... ok
test_combat_log_source_field (test_regress_combat_log_status.CombatLogStatusTests.test_combat_log_source_field) ... ok
test_music_manager_null_run_guard (test_regress_combat_log_status.CombatLogStatusTests.test_music_manager_null_run_guard) ... ok
test_status_effect_tick_clamps (test_regress_combat_log_status.CombatLogStatusTests.test_status_effect_tick_clamps) ... ok
test_wave_manager_rebinds_director_damage (test_regress_combat_log_status.CombatLogStatusTests.test_wave_manager_rebinds_director_damage) ... ok
test_weapon_manager_avoids_shadowing (test_regress_combat_log_status.CombatLogStatusTests.test_weapon_manager_avoids_shadowing) ... ok
test_pool_tracks_ownership_and_factory_failures (test_regress_core_utilities.ObjectPoolTests.test_pool_tracks_ownership_and_factory_failures) ... ok
test_salt_clamp (test_regress_core_utilities.RngServiceTests.test_salt_clamp) ... ok
test_currency_clamped (test_regress_core_utilities.RunStateTests.test_currency_clamped) ... ok
test_score_clamped (test_regress_core_utilities.RunStateTests.test_score_clamped) ... ok
test_weighted_pick_finite (test_regress_core_utilities.UpgradeSelectorTests.test_weighted_pick_finite) ... ok
test_all_mutation_and_sample_paths_are_finite (test_regress_core_utilities.WeightedTableTests.test_all_mutation_and_sample_paths_are_finite) ... ok
test_handler_counts_errors_into_analytics (test_regress_debug_mode.IntegrationContractTests.test_handler_counts_errors_into_analytics) ... ok
test_harness_exposes_the_debug_snapshot (test_regress_debug_mode.IntegrationContractTests.test_harness_exposes_the_debug_snapshot) ... ok
test_toggle_is_visible_from_game_start (test_regress_debug_mode.IntegrationContractTests.test_toggle_is_visible_from_game_start) ... ok
test_headless_runs_skip_the_pause (test_regress_debug_mode.NoFreezeWithoutScreenTests.test_headless_runs_skip_the_pause) ... ok
test_resume_re_reads_the_canonical_pause_flag (test_regress_debug_mode.NoFreezeWithoutScreenTests.test_resume_re_reads_the_canonical_pause_flag) ... ok
test_analytics_error_counter_is_a_pure_increment (test_regress_debug_mode.NoRecursionTests.test_analytics_error_counter_is_a_pure_increment) ... ok
test_error_handling_never_reports_an_error (test_regress_debug_mode.NoRecursionTests.test_error_handling_never_reports_an_error) ... ok
test_overlay_sits_above_all_layers (test_regress_debug_mode.OverlayContractTests.test_overlay_sits_above_all_layers) ... ok
test_overlay_swallows_input_while_frozen (test_regress_debug_mode.OverlayContractTests.test_overlay_swallows_input_while_frozen) ... ok
test_captures_pair_a_screenshot_with_the_log (test_regress_debug_mode.ReportWiringTests.test_captures_pair_a_screenshot_with_the_log) ... ok
test_plumbing_frames_are_stripped (test_regress_debug_mode.ReportWiringTests.test_plumbing_frames_are_stripped) ... ok
test_navigator_does_not_propagate_nan (test_regress_enemy_ai_hardening.EnemyAiHardeningTests.test_navigator_does_not_propagate_nan) ... ok
test_perception_rejects_invalid_spatial_and_time_values (test_regress_enemy_ai_hardening.EnemyAiHardeningTests.test_perception_rejects_invalid_spatial_and_time_values) ... ok
test_research_document_exists (test_regress_enemy_ai_hardening.EnemyAiHardeningTests.test_research_document_exists) ... ok
test_state_machine_serializes_reentrant_transitions (test_regress_enemy_ai_hardening.EnemyAiHardeningTests.test_state_machine_serializes_reentrant_transitions) ... ok
test_animator_uses_hero_rig_contract (test_regress_enemy_animator.TestClipCatalogWiring.test_animator_uses_hero_rig_contract) ... ok
test_finite_length_guard (test_regress_enemy_animator.TestClipCatalogWiring.test_finite_length_guard) ... ok
test_keys_include_telegraph_dash_spawn (test_regress_enemy_animator.TestClipCatalogWiring.test_keys_include_telegraph_dash_spawn) ... ok
test_ai_enabled_getter_exists (test_regress_enemy_animator.TestLockAndResume.test_ai_enabled_getter_exists) ... ok
test_one_shots_lock_until_finished (test_regress_enemy_animator.TestLockAndResume.test_one_shots_lock_until_finished) ... ok
test_process_skips_while_locked_and_pauses_when_ai_disabled (test_regress_enemy_animator.TestLockAndResume.test_process_skips_while_locked_and_pauses_when_ai_disabled) ... ok
test_does_not_mutate_shared_loop_mode (test_regress_enemy_animator.TestPrivateClipLibraries.test_does_not_mutate_shared_loop_mode) ... ok
test_hip_lock_only_on_private_copies (test_regress_enemy_animator.TestPrivateClipLibraries.test_hip_lock_only_on_private_copies) ... ok
test_eight_animator_scenes (test_regress_enemy_animator.TestSceneMaps.test_eight_animator_scenes) ... ok
test_every_enemy_scene_still_has_idle_and_attack (test_regress_enemy_animator.TestSceneMaps.test_every_enemy_scene_still_has_idle_and_attack) ... ok
test_kenney_maps_expose_stun_cast_telegraph_dash (test_regress_enemy_animator.TestSceneMaps.test_kenney_maps_expose_stun_cast_telegraph_dash) ... ok
test_all_enemy_animators_apply_half_turn (test_regress_enemy_facing_and_spawn.EnemyFacingTests.test_all_enemy_animators_apply_half_turn) ... ok
test_decorator_keeps_spawn_clear (test_regress_enemy_facing_and_spawn.SpawnClearanceTests.test_decorator_keeps_spawn_clear) ... ok
test_player_start_clears_landmark_and_decor_rings (test_regress_enemy_facing_and_spawn.SpawnClearanceTests.test_player_start_clears_landmark_and_decor_rings) ... ok
test_all_archetypes_instance_enemy_base (test_regress_enemy_scene_inheritance.EnemySceneInheritance.test_all_archetypes_instance_enemy_base)
Root of every archetype scene must instance enemy_base.tscn — the single ... ok
test_archetype_overrides_pinned (test_regress_enemy_scene_inheritance.EnemySceneInheritance.test_archetype_overrides_pinned)
Per-archetype override values from the pre-refactor hand-copied scenes, ... ok
test_base_scene_owns_shared_wiring (test_regress_enemy_scene_inheritance.EnemySceneInheritance.test_base_scene_owns_shared_wiring)
enemy_base.tscn itself must keep the full shared contract (so 'edit the ... ok
test_no_redeclaration_of_shared_nodes (test_regress_enemy_scene_inheritance.EnemySceneInheritance.test_no_redeclaration_of_shared_nodes)
Child scenes may override shared nodes (no type=) but never re-declare ... ok
test_shared_wiring_resolves_identically_for_all_eight (test_regress_enemy_scene_inheritance.EnemySceneInheritance.test_shared_wiring_resolves_identically_for_all_eight)
After resolving inheritance, every archetype carries the full shared ... ok
test_warlord_boss_phases (test_regress_enemy_scene_inheritance.EnemySceneInheritance.test_warlord_boss_phases)
Warlord is the only archetype with a BossController; the three-phase plan ... ok
test_aabb_has_area_is_caught (test_regress_engine_api_contract.HistoricalDefectTests.test_aabb_has_area_is_caught) ... ok
test_aabb_has_volume_is_accepted (test_regress_engine_api_contract.HistoricalDefectTests.test_aabb_has_volume_is_accepted) ... ok
test_fposmod_global_is_accepted (test_regress_engine_api_contract.HistoricalDefectTests.test_fposmod_global_is_accepted) ... ok
test_fposmodf_global_is_caught (test_regress_engine_api_contract.HistoricalDefectTests.test_fposmodf_global_is_caught) ... ok
test_mesh_surface_override_correct_name_is_accepted (test_regress_engine_api_contract.HistoricalDefectTests.test_mesh_surface_override_correct_name_is_accepted) ... ok
test_mesh_surface_override_typo_is_caught (test_regress_engine_api_contract.HistoricalDefectTests.test_mesh_surface_override_typo_is_caught) ... ok
test_nav_agent_path_height_offset_is_accepted (test_regress_engine_api_contract.HistoricalDefectTests.test_nav_agent_path_height_offset_is_accepted) ... ok
test_nav_agent_path_height_tolerance_is_caught (test_regress_engine_api_contract.HistoricalDefectTests.test_nav_agent_path_height_tolerance_is_caught) ... ok
test_panorama_energy_is_caught (test_regress_engine_api_contract.HistoricalDefectTests.test_panorama_energy_is_caught) ... ok
test_randomizer_playback_mode_is_accepted (test_regress_engine_api_contract.HistoricalDefectTests.test_randomizer_playback_mode_is_accepted) ... ok
test_randomizer_randomization_type_is_caught (test_regress_engine_api_contract.HistoricalDefectTests.test_randomizer_randomization_type_is_caught) ... ok
test_script_class_properties_are_accepted (test_regress_engine_api_contract.HistoricalDefectTests.test_script_class_properties_are_accepted) ... ok
test_unknown_member_on_builtin_receiver_is_error (test_regress_engine_api_contract.HistoricalDefectTests.test_unknown_member_on_builtin_receiver_is_error) ... ok
test_manifest_covers_the_classes_the_history_broke (test_regress_engine_api_contract.ManifestPinTests.test_manifest_covers_the_classes_the_history_broke) ... ok
test_manifest_exists_and_names_the_pinned_engine (test_regress_engine_api_contract.ManifestPinTests.test_manifest_exists_and_names_the_pinned_engine) ... ok
test_manifest_matches_the_ci_engine_pin (test_regress_engine_api_contract.ManifestPinTests.test_manifest_matches_the_ci_engine_pin) ... ok
test_gate_covers_scripts_and_tests (test_regress_engine_api_contract.RepoGateTests.test_gate_covers_scripts_and_tests) ... ok
test_gate_is_clean_on_the_tree (test_regress_engine_api_contract.RepoGateTests.test_gate_is_clean_on_the_tree) ... ok
test_built_resources_are_attached (test_regress_final_sweep.AttachedResourceTests.test_built_resources_are_attached) ... ok
test_three_stages_plus_publish (test_regress_final_sweep.CIStillSplitTests.test_three_stages_plus_publish) ... ok
test_hardening_doc_marked_superseded (test_regress_final_sweep.DocsTests.test_hardening_doc_marked_superseded) ... ok
test_refactor_plan_exists (test_regress_final_sweep.DocsTests.test_refactor_plan_exists) ... ok
test_declared_return_functions_return (test_regress_final_sweep.EveryPathReturnsTests.test_declared_return_functions_return) ... ok
test_health_finite (test_regress_final_sweep.RealGuardTests.test_health_finite) ... ok
test_progression_finite (test_regress_final_sweep.RealGuardTests.test_progression_finite) ... ok
test_wave_planner_int_division (test_regress_final_sweep.RealGuardTests.test_wave_planner_int_division) ... ok
test_no_local_redeclares_its_own_parameter (test_regress_final_sweep.ScopeShadowTests.test_no_local_redeclares_its_own_parameter) ... ok
test_gate_passes (test_regress_final_sweep.TypedArchGateTests.test_gate_passes) ... ok
test_theater_stays_dead (test_regress_final_sweep.TypedArchGateTests.test_theater_stays_dead) ... ok
test_tool_runs_clean (test_regress_final_sweep.ValidateGuardsToolTests.test_tool_runs_clean) ... ok
test_experience_guards_contentregistry (test_regress_foundational_guards.EventBusContentGuardsTests.test_experience_guards_contentregistry) ... ok
test_progression_guards_contentregistry (test_regress_foundational_guards.EventBusContentGuardsTests.test_progression_guards_contentregistry) ... ok
test_boss_phase_threshold_has_clamp (test_regress_foundational_guards.ExportRangeTests.test_boss_phase_threshold_has_clamp) ... ok
test_health_max_export_validated (test_regress_foundational_guards.ExportRangeTests.test_health_max_export_validated) ... ok
test_critical (test_regress_foundational_guards.FiniteTests.test_critical) ... ok
test_difficulty_director (test_regress_foundational_guards.FiniteTests.test_difficulty_director) ... ok
test_weighted_table (test_regress_foundational_guards.FiniteTests.test_weighted_table) ... ok
test_enemy_base_has_all_valid (test_regress_foundational_guards.InstanceValidTests.test_enemy_base_has_all_valid) ... ok
test_projectile_has_instance_valid (test_regress_foundational_guards.InstanceValidTests.test_projectile_has_instance_valid) ... ok
test_status_has_instance_valid (test_regress_foundational_guards.InstanceValidTests.test_status_has_instance_valid) ... ok
test_tutorial_has_instance_valid (test_regress_foundational_guards.InstanceValidTests.test_tutorial_has_instance_valid) ... ok
test_content_loader_deterministic (test_regress_gameroot_transitions.GameRootTests.test_content_loader_deterministic) ... ok
test_legal_transitions_include_restart (test_regress_gameroot_transitions.GameRootTests.test_legal_transitions_include_restart) ... ok
test_request_restart_fallback (test_regress_gameroot_transitions.GameRootTests.test_request_restart_fallback) ... ok
test_scene_router_guards_invalid (test_regress_gameroot_transitions.GameRootTests.test_scene_router_guards_invalid) ... ok
test_transitions_are_serialized_against_synchronous_signals (test_regress_gameroot_transitions.GameRootTests.test_transitions_are_serialized_against_synchronous_signals) ... ok
test_catalog_uses_resource_ids (test_regress_guardrails.GuardRailsTests.test_catalog_uses_resource_ids) ... ok
test_export_presets_still_only_vibrate (test_regress_guardrails.GuardRailsTests.test_export_presets_still_only_vibrate) ... ok
test_no_vitality_tome_typo_anywhere (test_regress_guardrails.GuardRailsTests.test_no_vitality_tome_typo_anywhere) ... ok
test_hazard_time_accumulates_delta (test_regress_hazard_subsystem.ClockTests.test_hazard_time_accumulates_delta) ... ok
test_heal_is_integrated_not_per_frame (test_regress_hazard_subsystem.ClockTests.test_heal_is_integrated_not_per_frame) ... ok
test_no_wall_clock_in_hazard_gameplay (test_regress_hazard_subsystem.ClockTests.test_no_wall_clock_in_hazard_gameplay) ... ok
test_both_godot_suites_are_registered (test_regress_hazard_subsystem.HarnessRegistrationTests.test_both_godot_suites_are_registered) ... ok
test_hazard_layouts_stay_clear_of_obstacles (test_regress_hazard_subsystem.HarnessRegistrationTests.test_hazard_layouts_stay_clear_of_obstacles)
The obstacle layout used to be hand-tuned against a function in the hazard ... ok
test_the_runner_stays_free_of_game_classes (test_regress_hazard_subsystem.HarnessRegistrationTests.test_the_runner_stays_free_of_game_classes) ... ok
test_hazards_query_the_grid_instead_of_scanning_the_arena (test_regress_hazard_subsystem.HotPathTests.test_hazards_query_the_grid_instead_of_scanning_the_arena) ... ok
test_index_is_a_rebuilt_grid_with_no_per_tick_allocation (test_regress_hazard_subsystem.HotPathTests.test_index_is_a_rebuilt_grid_with_no_per_tick_allocation)
The index earns its keep only if a rebuild writes ints into arrays that already ... ok
test_one_snapshot_shared_by_every_hazard (test_regress_hazard_subsystem.HotPathTests.test_one_snapshot_shared_by_every_hazard) ... ok
test_scan_cadence_is_authored (test_regress_hazard_subsystem.HotPathTests.test_scan_cadence_is_authored) ... ok
test_status_no_longer_rescans_for_the_stamp (test_regress_hazard_subsystem.HotPathTests.test_status_no_longer_rescans_for_the_stamp) ... ok
test_arenas_carry_their_own_hazard_layout (test_regress_hazard_subsystem.LayoutsAreDataTests.test_arenas_carry_their_own_hazard_layout)
Every shipped arena authors its layout, with its hazards as hard references. ... ok
test_every_mode_that_adds_pressure_has_a_file (test_regress_hazard_subsystem.LayoutsAreDataTests.test_every_mode_that_adds_pressure_has_a_file) ... ok
test_hazard_system_names_no_arena (test_regress_hazard_subsystem.LayoutsAreDataTests.test_hazard_system_names_no_arena)
The point of the rebuild: the hazard system is arena-agnostic. ... ok
test_mode_pressure_is_data_too (test_regress_hazard_subsystem.LayoutsAreDataTests.test_mode_pressure_is_data_too) ... ok
test_placement_expansion_keeps_the_shipped_hazard_counts (test_regress_hazard_subsystem.LayoutsAreDataTests.test_placement_expansion_keeps_the_shipped_hazard_counts)
Mirror expansion is the only reason the .tres files are shorter than the old ... ok
test_content_loader_registers_the_hazard_tables (test_regress_hazard_subsystem.SeamsTests.test_content_loader_registers_the_hazard_tables) ... ok
test_debug_surface_reports_the_new_work (test_regress_hazard_subsystem.SeamsTests.test_debug_surface_reports_the_new_work) ... ok
test_every_hazard_config_file_is_keyed_by_its_own_id (test_regress_hazard_subsystem.SeamsTests.test_every_hazard_config_file_is_keyed_by_its_own_id) ... ok
test_hazards_use_the_damageable_seams (test_regress_hazard_subsystem.SeamsTests.test_hazards_use_the_damageable_seams)
The subsystem resolves status/health components through typed virtuals instead ... ok
test_registry_exposes_hazard_lookups (test_regress_hazard_subsystem.SeamsTests.test_registry_exposes_hazard_lookups) ... ok
test_config_is_editor_friendly_and_self_checking (test_regress_hazard_subsystem.TypedRecordsTests.test_config_is_editor_friendly_and_self_checking) ... ok
test_every_mechanic_is_implemented (test_regress_hazard_subsystem.TypedRecordsTests.test_every_mechanic_is_implemented)
The failure mode this closes: a config names a mechanic nothing handles, the ... ok
test_hazard_validation_covers_the_authoring_traps (test_regress_hazard_subsystem.TypedRecordsTests.test_hazard_validation_covers_the_authoring_traps)
Each rule below is a mistake a .tres can make that would otherwise only show up ... ok
test_no_node_metadata_carries_gameplay_state (test_regress_hazard_subsystem.TypedRecordsTests.test_no_node_metadata_carries_gameplay_state)
set_meta/get_meta are scene annotations, and they were measurably slow. ... ok
test_no_untyped_hazard_records (test_regress_hazard_subsystem.TypedRecordsTests.test_no_untyped_hazard_records) ... ok
test_arena_config_is_validated_at_load (test_regress_hazard_subsystem.ValidationReachabilityTests.test_arena_config_is_validated_at_load) ... ok
test_unvalidated_config_types_are_a_known_list_not_a_growing_one (test_regress_hazard_subsystem.ValidationReachabilityTests.test_unvalidated_config_types_are_a_known_list_not_a_growing_one)
Four config types still extend Resource, so their validate() only runs in the CI ... ok
test_arena_scene_is_hd_rebuild (test_regress_hd_visuals.HdVisualsTests.test_arena_scene_is_hd_rebuild) ... ok
test_arena_torch_flicker_is_deterministic (test_regress_hd_visuals.HdVisualsTests.test_arena_torch_flicker_is_deterministic) ... ok
test_hd_materials_polish_wired_on_all_mount_paths (test_regress_hd_visuals.HdVisualsTests.test_hd_materials_polish_wired_on_all_mount_paths) ... ok
test_manifest_locks_hd_downloads (test_regress_hd_visuals.HdVisualsTests.test_manifest_locks_hd_downloads) ... ok
test_renderer_settings_have_hd_quality_with_mobile_renderer (test_regress_hd_visuals.HdVisualsTests.test_renderer_settings_have_hd_quality_with_mobile_renderer) ... ok
test_station_themes_use_zero_bitmap_skies (test_regress_hd_visuals.HdVisualsTests.test_station_themes_use_zero_bitmap_skies) ... ok
test_armor_vitality_not_needed_here (test_regress_health_and_input.HealthInputTests.test_armor_vitality_not_needed_here) ... ok
test_health_component_emits_on_max_change (test_regress_health_and_input.HealthInputTests.test_health_component_emits_on_max_change) ... ok
test_input_remapper_restores_transactionally (test_regress_health_and_input.HealthInputTests.test_input_remapper_restores_transactionally) ... ok
test_clip_length_cannot_return_garbage (test_regress_locomotion_nan.AnimationAndHazardTests.test_clip_length_cannot_return_garbage) ... ok
test_hazard_visuals_are_optional_not_unguarded (test_regress_locomotion_nan.AnimationAndHazardTests.test_hazard_visuals_are_optional_not_unguarded)
A hazard's visual may be gone; its gameplay may not be, and a NaN centre may ... ok
test_shake_and_fov_cannot_commit_a_bad_camera (test_regress_locomotion_nan.AnimationAndHazardTests.test_shake_and_fov_cannot_commit_a_bad_camera) ... ok
test_look_at_rejects_degenerate_frames (test_regress_locomotion_nan.CameraTests.test_look_at_rejects_degenerate_frames) ... ok
test_rig_position_write_cannot_latch_nan (test_regress_locomotion_nan.CameraTests.test_rig_position_write_cannot_latch_nan) ... ok
test_shared_finiteness_helpers_exist (test_regress_locomotion_nan.CameraTests.test_shared_finiteness_helpers_exist) ... ok
test_camera_relative_basis_cannot_inject_nan (test_regress_locomotion_nan.CharacterControllerTests.test_camera_relative_basis_cannot_inject_nan) ... ok
test_delta_and_inputs_are_validated (test_regress_locomotion_nan.CharacterControllerTests.test_delta_and_inputs_are_validated) ... ok
test_diagnostic_survives_the_fix (test_regress_locomotion_nan.CharacterControllerTests.test_diagnostic_survives_the_fix) ... ok
test_move_speed_setter_is_bounded (test_regress_locomotion_nan.CharacterControllerTests.test_move_speed_setter_is_bounded) ... ok
test_rotation_is_assigned_whole_and_checked (test_regress_locomotion_nan.CharacterControllerTests.test_rotation_is_assigned_whole_and_checked) ... ok
test_single_velocity_choke_point (test_regress_locomotion_nan.CharacterControllerTests.test_single_velocity_choke_point) ... ok
test_godot_suite_is_registered (test_regress_locomotion_nan.HarnessRegistrationTests.test_godot_suite_is_registered) ... ok
test_guard_contract_covers_the_pipeline (test_regress_locomotion_nan.HarnessRegistrationTests.test_guard_contract_covers_the_pipeline) ... ok
test_bounds_clamp_repairs_a_poisoned_transform (test_regress_locomotion_nan.LocomotionTests.test_bounds_clamp_repairs_a_poisoned_transform) ... ok
test_gathered_axis_input_is_finite (test_regress_locomotion_nan.LocomotionTests.test_gathered_axis_input_is_finite) ... ok
test_move_input_boundary_is_finite (test_regress_locomotion_nan.LocomotionTests.test_move_input_boundary_is_finite) ... ok
test_ui_never_forwards_a_poisoned_sample (test_regress_locomotion_nan.TouchControlsTests.test_ui_never_forwards_a_poisoned_sample) ... ok
test_mouse_drag_is_accepted_for_desktop_repro (test_regress_locomotion_nan.VirtualJoystickTests.test_mouse_drag_is_accepted_for_desktop_repro) ... ok
test_pointer_positions_are_validated (test_regress_locomotion_nan.VirtualJoystickTests.test_pointer_positions_are_validated) ... ok
test_radius_cannot_divide_by_zero (test_regress_locomotion_nan.VirtualJoystickTests.test_radius_cannot_divide_by_zero) ... ok
test_value_accessor_never_hands_out_garbage (test_regress_locomotion_nan.VirtualJoystickTests.test_value_accessor_never_hands_out_garbage) ... ok
test_value_only_exists_while_captured (test_regress_locomotion_nan.VirtualJoystickTests.test_value_only_exists_while_captured) ... ok
test_no_empty_match_arms (test_regress_match_arms.MatchArmGuards.test_no_empty_match_arms) ... ok
test_all_enabled_weapons_in_player_tscn_models (test_regress_milestone1_weapons.Milestone1WeaponsIntegrationTests.test_all_enabled_weapons_in_player_tscn_models)
All 9 enabled weapon configs must have a PackedScene entry in PlayerEquipment.models. ... ok
test_character_visuals_grounding_without_arbitrary_offsets (test_regress_milestone1_weapons.Milestone1WeaponsIntegrationTests.test_character_visuals_grounding_without_arbitrary_offsets) ... ok
test_firearms_have_authored_muzzles_and_metres (test_regress_milestone1_weapons.Milestone1WeaponsIntegrationTests.test_firearms_have_authored_muzzles_and_metres) ... ok
test_model_visual_normalization_uses_longest_axis_and_pivot (test_regress_milestone1_weapons.Milestone1WeaponsIntegrationTests.test_model_visual_normalization_uses_longest_axis_and_pivot) ... ok
test_no_duplicate_weapon_models_after_switch (test_regress_milestone1_weapons.Milestone1WeaponsIntegrationTests.test_no_duplicate_weapon_models_after_switch) ... ok
test_player_animation_uses_firearm_recoil_and_reload (test_regress_milestone1_weapons.Milestone1WeaponsIntegrationTests.test_player_animation_uses_firearm_recoil_and_reload) ... ok
test_weapon_configs_disabled_false_for_all_nine (test_regress_milestone1_weapons.Milestone1WeaponsIntegrationTests.test_weapon_configs_disabled_false_for_all_nine) ... ok
test_effect_director_priority_and_saturation (test_regress_milestones_2_to_7.Milestone2_SkillsAndVFX.test_effect_director_priority_and_saturation) ... ok
test_enemy_boss_presentation (test_regress_milestones_2_to_7.Milestone2_SkillsAndVFX.test_enemy_boss_presentation) ... ok
test_skill_colors_cover_all_8 (test_regress_milestones_2_to_7.Milestone2_SkillsAndVFX.test_skill_colors_cover_all_8) ... ok
test_status_colors_cover_all_13 (test_regress_milestones_2_to_7.Milestone2_SkillsAndVFX.test_status_colors_cover_all_13) ... ok
test_dash_intent (test_regress_milestones_2_to_7.Milestone3_AuthorityAndLifecycle.test_dash_intent) ... ok
test_event_bus_hardening (test_regress_milestones_2_to_7.Milestone3_AuthorityAndLifecycle.test_event_bus_hardening) ... ok
test_legacy_attack_modules_removed (test_regress_milestones_2_to_7.Milestone3_AuthorityAndLifecycle.test_legacy_attack_modules_removed) ... ok
test_player_authoritative_chain (test_regress_milestones_2_to_7.Milestone3_AuthorityAndLifecycle.test_player_authoritative_chain) ... ok
test_arena_camera_polish (test_regress_milestones_2_to_7.Milestone4_AudioAndPolish.test_arena_camera_polish) ... ok
test_audio_mapping_documented (test_regress_milestones_2_to_7.Milestone4_AudioAndPolish.test_audio_mapping_documented) ... ok
test_ui_polish (test_regress_milestones_2_to_7.Milestone4_AudioAndPolish.test_ui_polish) ... ok
test_content_registry_covers_all (test_regress_milestones_2_to_7.Milestone5_IntegrationPersistence.test_content_registry_covers_all) ... ok
test_persistence_dirty_flag (test_regress_milestones_2_to_7.Milestone5_IntegrationPersistence.test_persistence_dirty_flag) ... ok
test_weapon_skill_loadout_snapshot (test_regress_milestones_2_to_7.Milestone5_IntegrationPersistence.test_weapon_skill_loadout_snapshot) ... ok
test_mobile_renderer_and_perf (test_regress_milestones_2_to_7.Milestone6_AndroidPerf.test_mobile_renderer_and_perf) ... ok
test_determinism_documented (test_regress_milestones_2_to_7.Milestone7_CleanupDocs.test_determinism_documented) ... ok
test_milestone1_doc_exists (test_regress_milestones_2_to_7.Milestone7_CleanupDocs.test_milestone1_doc_exists) ... ok
test_no_todo_markers (test_regress_milestones_2_to_7.Milestone7_CleanupDocs.test_no_todo_markers) ... ok
test_angle_and_vector_math_is_44_safe (test_regress_minimap_radar.TestMinimapRadarShape.test_angle_and_vector_math_is_44_safe) ... ok
test_discovery_and_redraw_are_decoupled (test_regress_minimap_radar.TestMinimapRadarShape.test_discovery_and_redraw_are_decoupled) ... ok
test_dots_are_drawn_from_tracks_not_from_entities (test_regress_minimap_radar.TestMinimapRadarShape.test_dots_are_drawn_from_tracks_not_from_entities) ... ok
test_help_legend_updated (test_regress_minimap_radar.TestMinimapRadarShape.test_help_legend_updated) ... ok
test_nan_guards (test_regress_minimap_radar.TestMinimapRadarShape.test_nan_guards) ... ok
test_smoothing_is_exponential_and_framerate_independent (test_regress_minimap_radar.TestMinimapRadarShape.test_smoothing_is_exponential_and_framerate_independent) ... ok
test_threat_features_present (test_regress_minimap_radar.TestMinimapRadarShape.test_threat_features_present) ... ok
test_unit_suite_registered (test_regress_minimap_radar.TestMinimapRadarShape.test_unit_suite_registered) ... ok
test_v1_api_pinned (test_regress_minimap_radar.TestMinimapRadarShape.test_v1_api_pinned) ... ok
test_v1_dead_code_removed (test_regress_minimap_radar.TestMinimapRadarShape.test_v1_dead_code_removed) ... ok
test_launch_package_tracks_the_preset (test_regress_mobile_input_contract.DeviceQaPackageTests.test_launch_package_tracks_the_preset) ... ok
test_game_root_auto_pauses_on_interruption (test_regress_mobile_input_contract.InterruptionRoutingTests.test_game_root_auto_pauses_on_interruption) ... ok
test_ui_root_routes_the_back_button (test_regress_mobile_input_contract.InterruptionRoutingTests.test_ui_root_routes_the_back_button) ... ok
test_back_button_is_owned_in_game_not_by_quit (test_regress_mobile_input_contract.ProjectConfigHonestyTests.test_back_button_is_owned_in_game_not_by_quit) ... ok
test_emulation_keys_are_real_and_intentional (test_regress_mobile_input_contract.ProjectConfigHonestyTests.test_emulation_keys_are_real_and_intentional) ... ok
test_max_fps_override_hangs_off_the_real_key (test_regress_mobile_input_contract.ProjectConfigHonestyTests.test_max_fps_override_hangs_off_the_real_key) ... ok
test_no_dead_emulation_setting (test_regress_mobile_input_contract.ProjectConfigHonestyTests.test_no_dead_emulation_setting) ... ok
test_fire_does_not_clear_the_hold (test_regress_mobile_input_contract.TouchActionButtonSemanticsTests.test_fire_does_not_clear_the_hold) ... ok
test_press_down_fires (test_regress_mobile_input_contract.TouchActionButtonSemanticsTests.test_press_down_fires) ... ok
test_release_clears_without_firing (test_regress_mobile_input_contract.TouchActionButtonSemanticsTests.test_release_clears_without_firing) ... ok
test_layout_backstops_live_in_ready (test_regress_mobile_input_contract.TouchControlsWiringTests.test_layout_backstops_live_in_ready) ... ok
test_press_handler_never_rewires_layout (test_regress_mobile_input_contract.TouchControlsWiringTests.test_press_handler_never_rewires_layout) ... ok
test_process_has_no_dead_paused_branch (test_regress_mobile_input_contract.TouchControlsWiringTests.test_process_has_no_dead_paused_branch) ... ok
test_abnormal_ends_keep_their_paper_trail (test_regress_mobile_input_contract.VirtualJoystickHygieneTests.test_abnormal_ends_keep_their_paper_trail) ... ok
test_draw_uses_logical_units_only (test_regress_mobile_input_contract.VirtualJoystickHygieneTests.test_draw_uses_logical_units_only) ... ok
test_normal_release_is_quiet (test_regress_mobile_input_contract.VirtualJoystickHygieneTests.test_normal_release_is_quiet) ... ok
test_apply_tier_to_engine_has_no_noop_guard (test_regress_performance_governor.EngineKnobTests.test_apply_tier_to_engine_has_no_noop_guard) ... ok
test_msaa_follows_the_tier (test_regress_performance_governor.EngineKnobTests.test_msaa_follows_the_tier) ... ok
test_msaa_restored_on_exit_like_fps_cap (test_regress_performance_governor.EngineKnobTests.test_msaa_restored_on_exit_like_fps_cap) ... ok
test_auto_steps_persist_manual_never_do (test_regress_performance_governor.GovernorAlgorithmTests.test_auto_steps_persist_manual_never_do) ... ok
test_decisions_run_on_frame_time_not_fps_average (test_regress_performance_governor.GovernorAlgorithmTests.test_decisions_run_on_frame_time_not_fps_average) ... ok
test_deterministic_test_seams_exist (test_regress_performance_governor.GovernorAlgorithmTests.test_deterministic_test_seams_exist) ... ok
test_hysteresis_down_and_up (test_regress_performance_governor.GovernorAlgorithmTests.test_hysteresis_down_and_up) ... ok
test_rate_capped_tiers_use_flat_pacing_gate (test_regress_performance_governor.GovernorAlgorithmTests.test_rate_capped_tiers_use_flat_pacing_gate)
A capped tier hides headroom: the upgrade gate must branch on ... ok
test_ring_is_o1_per_frame (test_regress_performance_governor.GovernorAlgorithmTests.test_ring_is_o1_per_frame) ... ok
test_session_cap_survives_tier_changes (test_regress_performance_governor.GovernorAlgorithmTests.test_session_cap_survives_tier_changes) ... ok
test_thresholds_are_relative_to_the_tier_budget (test_regress_performance_governor.GovernorAlgorithmTests.test_thresholds_are_relative_to_the_tier_budget) ... ok
test_window_clears_on_tier_change (test_regress_performance_governor.GovernorAlgorithmTests.test_window_clears_on_tier_change) ... ok
test_auto_tier_changes_update_damage_budget (test_regress_performance_governor.NoTierClobberTests.test_auto_tier_changes_update_damage_budget) ... ok
test_tier_applied_only_on_quality_change (test_regress_performance_governor.NoTierClobberTests.test_tier_applied_only_on_quality_change) ... ok
test_governor_rebuild_suite_registered (test_regress_performance_governor.OpeningTierFromSaveTests.test_governor_rebuild_suite_registered) ... ok
test_main_configures_initial_tier_from_save (test_regress_performance_governor.OpeningTierFromSaveTests.test_main_configures_initial_tier_from_save) ... ok
test_main_wires_the_persistence_seam (test_regress_performance_governor.OpeningTierFromSaveTests.test_main_wires_the_persistence_seam) ... ok
test_monitor_stays_free_of_autoload_identifiers (test_regress_performance_governor.OpeningTierFromSaveTests.test_monitor_stays_free_of_autoload_identifiers)
Unit suites compile this script under --script, where autoload ... ok
test_settings_accepts_ultra (test_regress_performance_governor.UltraQualityRoundTripTests.test_settings_accepts_ultra) ... ok
test_settings_panel_offers_all_four_tiers (test_regress_performance_governor.UltraQualityRoundTripTests.test_settings_panel_offers_all_four_tiers) ... ok
test_ui_root_still_maps_ultra (test_regress_performance_governor.UltraQualityRoundTripTests.test_ui_root_still_maps_ultra) ... ok
test_no_transform_writer_in_process_without_an_opt_out (test_regress_physics_timing_and_ccd.CameraTimingTests.test_no_transform_writer_in_process_without_an_opt_out)
Anything that animates a transform from `_process` fights interpolation: ... ok
test_rig_follow_reads_interpolated_position_not_the_raw_tick (test_regress_physics_timing_and_ccd.CameraTimingTests.test_rig_follow_reads_interpolated_position_not_the_raw_tick) ... ok
test_rig_opts_out_and_reads_the_interpolated_target (test_regress_physics_timing_and_ccd.CameraTimingTests.test_rig_opts_out_and_reads_the_interpolated_target) ... ok
test_teleports_invalidate_the_collision_cache (test_regress_physics_timing_and_ccd.CameraTimingTests.test_teleports_invalidate_the_collision_cache) ... ok
test_every_pool_or_teleport_writes_then_resets (test_regress_physics_timing_and_ccd.InterpolationResetTests.test_every_pool_or_teleport_writes_then_resets) ... ok
test_pooled_pickup_burst_resets_per_item (test_regress_physics_timing_and_ccd.InterpolationResetTests.test_pooled_pickup_burst_resets_per_item) ... ok
test_reset_is_a_method_call_not_a_comment (test_regress_physics_timing_and_ccd.InterpolationResetTests.test_reset_is_a_method_call_not_a_comment) ... ok
test_the_reset_belongs_to_the_actor_not_its_caller (test_regress_physics_timing_and_ccd.InterpolationResetTests.test_the_reset_belongs_to_the_actor_not_its_caller) ... ok
test_fixed_tick_still_60hz (test_regress_physics_timing_and_ccd.InterpolationSettingsTests.test_fixed_tick_still_60hz) ... ok
test_physics_interpolation_is_on (test_regress_physics_timing_and_ccd.InterpolationSettingsTests.test_physics_interpolation_is_on) ... ok
test_step_cap_is_documented_as_a_brake (test_regress_physics_timing_and_ccd.InterpolationSettingsTests.test_step_cap_is_documented_as_a_brake) ... ok
test_launcher_is_ignored_for_the_whole_flight (test_regress_physics_timing_and_ccd.ProjectileSweepTests.test_launcher_is_ignored_for_the_whole_flight) ... ok
test_no_space_means_old_behaviour_not_a_stall (test_regress_physics_timing_and_ccd.ProjectileSweepTests.test_no_space_means_old_behaviour_not_a_stall) ... ok
test_one_resolver_for_both_hit_paths (test_regress_physics_timing_and_ccd.ProjectileSweepTests.test_one_resolver_for_both_hit_paths) ... ok
test_step_is_swept_before_it_is_applied (test_regress_physics_timing_and_ccd.ProjectileSweepTests.test_step_is_swept_before_it_is_applied) ... ok
test_sweep_is_on_by_default_and_opt_out (test_regress_physics_timing_and_ccd.ProjectileSweepTests.test_sweep_is_on_by_default_and_opt_out) ... ok
test_sweep_never_lets_a_shot_shoot_down_its_own_volley (test_regress_physics_timing_and_ccd.ProjectileSweepTests.test_sweep_never_lets_a_shot_shoot_down_its_own_volley) ... ok
test_sweep_radius_tracks_the_authored_shape (test_regress_physics_timing_and_ccd.ProjectileSweepTests.test_sweep_radius_tracks_the_authored_shape) ... ok
test_ground_clearance_reuses_the_cached_probe (test_regress_physics_timing_and_ccd.SolverPerfTests.test_ground_clearance_reuses_the_cached_probe) ... ok
test_query_flags_are_explicit_and_bodies_only (test_regress_physics_timing_and_ccd.SolverPerfTests.test_query_flags_are_explicit_and_bodies_only) ... ok
test_query_objects_are_built_once_in_the_pooled_helper (test_regress_physics_timing_and_ccd.SolverPerfTests.test_query_objects_are_built_once_in_the_pooled_helper) ... ok
test_rig_uses_only_the_public_solver_surface (test_regress_physics_timing_and_ccd.SolverPerfTests.test_rig_uses_only_the_public_solver_surface) ... ok
test_spatial_pass_is_gated_by_time_and_distance (test_regress_physics_timing_and_ccd.SolverPerfTests.test_spatial_pass_is_gated_by_time_and_distance) ... ok
test_unlock_skills_guard (test_regress_player_hardening.ExperienceTests.test_unlock_skills_guard) ... ok
test_validated_xp_mult (test_regress_player_hardening.ExperienceTests.test_validated_xp_mult) ... ok
test_finite_payload (test_regress_player_hardening.HealthTests.test_finite_payload) ... ok
test_has_validated_helpers (test_regress_player_hardening.HealthTests.test_has_validated_helpers) ... ok
test_heal_finite (test_regress_player_hardening.HealthTests.test_heal_finite) ... ok
test_character_controller_binds_weapons (test_regress_player_hardening.PlayerBindTests.test_character_controller_binds_weapons) ... ok
test_dodge_binds_and_multiplies_cooldown (test_regress_player_hardening.PlayerBindTests.test_dodge_binds_and_multiplies_cooldown) ... ok
test_experience_bind_keeps_owner_guard (test_regress_player_hardening.PlayerBindTests.test_experience_bind_keeps_owner_guard) ... ok
test_pickup_radius_upgrade_is_consumed (test_regress_player_hardening.PlayerBindTests.test_pickup_radius_upgrade_is_consumed) ... ok
test_player_wires_typed_binds (test_regress_player_hardening.PlayerBindTests.test_player_wires_typed_binds) ... ok
test_skills_bind_from_player (test_regress_player_hardening.PlayerBindTests.test_skills_bind_from_player) ... ok
test_stamina_rejects_bad_delta (test_regress_player_hardening.PlayerBindTests.test_stamina_rejects_bad_delta) ... ok
test_validated_delta (test_regress_player_hardening.PlayerTests.test_validated_delta) ... ok
test_accumulate_clamp (test_regress_player_hardening.ProgressionTests.test_accumulate_clamp) ... ok
test_get_stat_finite (test_regress_player_hardening.ProgressionTests.test_get_stat_finite) ... ok
test_exhaust_emits (test_regress_player_hardening.StaminaTests.test_exhaust_emits) ... ok
test_restore_full_emits_eventbus (test_regress_player_hardening.StaminaTests.test_restore_full_emits_eventbus) ... ok
test_validated_config (test_regress_player_hardening.StaminaTests.test_validated_config) ... ok
test_boss_phase_visuals (test_regress_polish_integration.PolishIntegrationTests.test_boss_phase_visuals) ... ok
test_camera_combat_feedback (test_regress_polish_integration.PolishIntegrationTests.test_camera_combat_feedback) ... ok
test_effect_director_skill_wiring (test_regress_polish_integration.PolishIntegrationTests.test_effect_director_skill_wiring) ... ok
test_enemy_stun_and_cast (test_regress_polish_integration.PolishIntegrationTests.test_enemy_stun_and_cast) ... ok
test_lifecycle_no_duplicate_listeners (test_regress_polish_integration.PolishIntegrationTests.test_lifecycle_no_duplicate_listeners) ... ok
test_player_skill_animation_wired (test_regress_polish_integration.PolishIntegrationTests.test_player_skill_animation_wired) ... ok
test_procedural_audio_expanded (test_regress_polish_integration.PolishIntegrationTests.test_procedural_audio_expanded) ... ok
test_skill_audio_triggers (test_regress_polish_integration.PolishIntegrationTests.test_skill_audio_triggers) ... ok
test_touch_controls_thumb_friendly (test_regress_polish_integration.PolishIntegrationTests.test_touch_controls_thumb_friendly) ... ok
test_upgrade_panel_rarity_border (test_regress_polish_integration.PolishIntegrationTests.test_upgrade_panel_rarity_border) ... ok
test_debug_snapshot_carries_caps (test_regress_pool_governor.BudgetTableTests.test_debug_snapshot_carries_caps) ... ok
test_monitor_exposes_the_new_caps (test_regress_pool_governor.BudgetTableTests.test_monitor_exposes_the_new_caps) ... ok
test_monitor_stays_free_of_autoload_identifiers (test_regress_pool_governor.BudgetTableTests.test_monitor_stays_free_of_autoload_identifiers) ... ok
test_pool_budgets_dictionary_is_complete (test_regress_pool_governor.BudgetTableTests.test_pool_budgets_dictionary_is_complete) ... ok
test_ultra_is_the_physical_ceiling (test_regress_pool_governor.BudgetTableTests.test_ultra_is_the_physical_ceiling) ... ok
test_bounded_helper_uses_literals_not_autoload_scripts (test_regress_pool_governor.CapsAreMonotonicSourceTests.test_bounded_helper_uses_literals_not_autoload_scripts)
Keep PoolGovernor loadable from a unit file: no EffectDirector type. ... ok
test_monotonic_helper_walks_ultra_to_low (test_regress_pool_governor.CapsAreMonotonicSourceTests.test_monotonic_helper_walks_ultra_to_low) ... ok
test_apply_pushes_every_pool (test_regress_pool_governor.GovernorPushTests.test_apply_pushes_every_pool) ... ok
test_governor_has_no_autoload_identifiers (test_regress_pool_governor.GovernorPushTests.test_governor_has_no_autoload_identifiers) ... ok
test_main_applies_on_create_and_tier_change (test_regress_pool_governor.GovernorPushTests.test_main_applies_on_create_and_tier_change) ... ok
test_ui_root_applies_on_auto_tier_change (test_regress_pool_governor.GovernorPushTests.test_ui_root_applies_on_auto_tier_change) ... ok
test_unit_suite_registered_without_autoload_ids (test_regress_pool_governor.GovernorPushTests.test_unit_suite_registered_without_autoload_ids) ... ok
test_audio_manager_forwards_spatial_budget (test_regress_pool_governor.LiveCapTests.test_audio_manager_forwards_spatial_budget) ... ok
test_combat_numbers_are_not_retuned (test_regress_pool_governor.LiveCapTests.test_combat_numbers_are_not_retuned)
Governor budgets must not sneak into damage / pierce / speed. ... ok
test_effect_director_keeps_physical_ceiling_pin (test_regress_pool_governor.LiveCapTests.test_effect_director_keeps_physical_ceiling_pin) ... ok
test_pickup_apply_budget_trims_live (test_regress_pool_governor.LiveCapTests.test_pickup_apply_budget_trims_live) ... ok
test_projectile_apply_budget_trims_active (test_regress_pool_governor.LiveCapTests.test_projectile_apply_budget_trims_active) ... ok
test_projectile_obtain_respects_live_cap_before_idle (test_regress_pool_governor.LiveCapTests.test_projectile_obtain_respects_live_cap_before_idle) ... ok
test_spatial_drops_when_active_at_cap (test_regress_pool_governor.LiveCapTests.test_spatial_drops_when_active_at_cap) ... ok
test_gamemode_reads_prestige_tier (test_regress_prestige_meta_teeth.ChallengeTierTests.test_gamemode_reads_prestige_tier) ... ok
test_prestige_exposes_tier_accessors (test_regress_prestige_meta_teeth.ChallengeTierTests.test_prestige_exposes_tier_accessors) ... ok
test_scorekeeper_avoids_double_counting_challenge_rank (test_regress_prestige_meta_teeth.ChallengeTierTests.test_scorekeeper_avoids_double_counting_challenge_rank) ... ok
test_tiers_carry_currency_and_waves (test_regress_prestige_meta_teeth.ChallengeTierTests.test_tiers_carry_currency_and_waves) ... ok
test_wave_manager_uses_prestige_scaled_challenge (test_regress_prestige_meta_teeth.ChallengeTierTests.test_wave_manager_uses_prestige_scaled_challenge) ... ok
test_arena_decorator_hangs_prestige_banners (test_regress_prestige_meta_teeth.CosmeticApplicationTests.test_arena_decorator_hangs_prestige_banners) ... ok
test_cosmetics_catalog_exists (test_regress_prestige_meta_teeth.CosmeticApplicationTests.test_cosmetics_catalog_exists) ... ok
test_main_applies_player_cosmetics_from_save (test_regress_prestige_meta_teeth.CosmeticApplicationTests.test_main_applies_player_cosmetics_from_save) ... ok
test_player_cosmetics_node_attaches_visuals (test_regress_prestige_meta_teeth.CosmeticApplicationTests.test_player_cosmetics_node_attaches_visuals) ... ok
test_summary_shows_prestige_identity (test_regress_prestige_meta_teeth.CosmeticApplicationTests.test_summary_shows_prestige_identity) ... ok
test_defend_and_collect_modes_defined (test_regress_prestige_meta_teeth.ObjectiveModeTests.test_defend_and_collect_modes_defined) ... ok
test_hud_shows_objective_progress (test_regress_prestige_meta_teeth.ObjectiveModeTests.test_hud_shows_objective_progress) ... ok
test_main_spawns_objective_director (test_regress_prestige_meta_teeth.ObjectiveModeTests.test_main_spawns_objective_director) ... ok
test_objective_director_runtime (test_regress_prestige_meta_teeth.ObjectiveModeTests.test_objective_director_runtime) ... ok
test_objective_label_covers_new_objectives (test_regress_prestige_meta_teeth.ObjectiveModeTests.test_objective_label_covers_new_objectives) ... ok
test_objective_resolution_routes_through_gameroot (test_regress_prestige_meta_teeth.ObjectiveModeTests.test_objective_resolution_routes_through_gameroot) ... ok
test_relic_pickup_registered (test_regress_prestige_meta_teeth.ObjectiveModeTests.test_relic_pickup_registered) ... ok
test_doc_acknowledges_haptics (test_regress_qa_release_audit.AndroidPermissionDocAccuracyTests.test_doc_acknowledges_haptics) ... ok
test_haptics_are_still_gated_on_the_user_setting (test_regress_qa_release_audit.AndroidPermissionDocAccuracyTests.test_haptics_are_still_gated_on_the_user_setting) ... ok
test_arena_registers_the_lookup_group (test_regress_qa_release_audit.AuditFollowUpHardeningTests.test_arena_registers_the_lookup_group) ... ok
test_game_root_exposes_no_best_record_facade (test_regress_qa_release_audit.AuditFollowUpHardeningTests.test_game_root_exposes_no_best_record_facade) ... ok
test_minimap_refresh_has_no_bare_path_lookup (test_regress_qa_release_audit.AuditFollowUpHardeningTests.test_minimap_refresh_has_no_bare_path_lookup) ... ok
test_minimap_resolves_arena_via_group_first (test_regress_qa_release_audit.AuditFollowUpHardeningTests.test_minimap_resolves_arena_via_group_first) ... ok
test_startup_smoke_covers_full_enemy_roster (test_regress_qa_release_audit.AuditFollowUpHardeningTests.test_startup_smoke_covers_full_enemy_roster) ... ok
test_health_traffic_before_begin_fight_is_ignored (test_regress_qa_release_audit.BossPhaseGatingTests.test_health_traffic_before_begin_fight_is_ignored) ... ok
test_phase_advancement_remains_one_way (test_regress_qa_release_audit.BossPhaseGatingTests.test_phase_advancement_remains_one_way) ... ok
test_phase_advanced_is_emitted_after_the_visual_call (test_regress_qa_release_audit.BossPhaseSignalTests.test_phase_advanced_is_emitted_after_the_visual_call) ... ok
test_visuals_are_guarded_by_an_inside_tree_check (test_regress_qa_release_audit.BossPhaseSignalTests.test_visuals_are_guarded_by_an_inside_tree_check) ... ok
test_capacity_floor_is_documented_and_enforced (test_regress_qa_release_audit.CombatLogCapacityFloorTests.test_capacity_floor_is_documented_and_enforced) ... ok
test_suite_does_not_request_a_capacity_below_the_floor (test_regress_qa_release_audit.CombatLogCapacityFloorTests.test_suite_does_not_request_a_capacity_below_the_floor) ... ok
test_zero_base_and_bonus_short_circuits_before_pity (test_regress_qa_release_audit.CriticalSystemZeroChanceTests.test_zero_base_and_bonus_short_circuits_before_pity) ... ok
test_zero_chance_still_advances_the_pity_counter (test_regress_qa_release_audit.CriticalSystemZeroChanceTests.test_zero_chance_still_advances_the_pity_counter) ... ok
test_max_live_can_exceed_default_pool (test_regress_qa_release_audit.DamageNumberPoolTests.test_max_live_can_exceed_default_pool) ... ok
test_pool_grows_to_match_budget (test_regress_qa_release_audit.DamageNumberPoolTests.test_pool_grows_to_match_budget) ... ok
test_recycled_label_is_reset (test_regress_qa_release_audit.DamageNumberPoolTests.test_recycled_label_is_reset) ... ok
test_ui_suite_does_not_pin_the_old_clamped_value (test_regress_qa_release_audit.DamageNumberPoolTests.test_ui_suite_does_not_pin_the_old_clamped_value)
The UI runner must assert bounding, not the pre-fix DEFAULT_POOL. ... ok
test_ultra_tier_budget_fits_in_pool (test_regress_qa_release_audit.DamageNumberPoolTests.test_ultra_tier_budget_fits_in_pool) ... ok
test_a_condition_driven_stepping_helper_exists (test_regress_qa_release_audit.EncounterSteppingTests.test_a_condition_driven_stepping_helper_exists) ... ok
test_step_enemy_integrates_velocity_with_the_test_delta (test_regress_qa_release_audit.EncounterSteppingTests.test_step_enemy_integrates_velocity_with_the_test_delta) ... ok
test_diagnostic_copies_are_gone (test_regress_qa_release_audit.HeadlessRunnerIsTheRealSuiteTests.test_diagnostic_copies_are_gone) ... ok
test_every_unit_suite_file_is_registered (test_regress_qa_release_audit.HeadlessRunnerIsTheRealSuiteTests.test_every_unit_suite_file_is_registered) ... ok
test_registered_suites_all_exist (test_regress_qa_release_audit.HeadlessRunnerIsTheRealSuiteTests.test_registered_suites_all_exist) ... ok
test_runner_executes_unit_suites (test_regress_qa_release_audit.HeadlessRunnerIsTheRealSuiteTests.test_runner_executes_unit_suites) ... ok
test_runner_is_not_a_compile_probe (test_regress_qa_release_audit.HeadlessRunnerIsTheRealSuiteTests.test_runner_is_not_a_compile_probe) ... ok
test_runner_runs_integration_stages (test_regress_qa_release_audit.HeadlessRunnerIsTheRealSuiteTests.test_runner_runs_integration_stages) ... ok
test_reset_assigns_both_fields_before_emitting (test_regress_qa_release_audit.HealthResetAtomicityTests.test_reset_assigns_both_fields_before_emitting) ... ok
test_reset_still_emits_exactly_one_change (test_regress_qa_release_audit.HealthResetAtomicityTests.test_reset_still_emits_exactly_one_change) ... ok
test_no_underscore_prefixed_locals_that_are_used (test_regress_qa_release_audit.LintCleanlinessTests.test_no_underscore_prefixed_locals_that_are_used) ... ok
test_runner_delegates_to_the_runtime_loaded_stage (test_regress_qa_release_audit.MainRunnerLoadOrderTests.test_runner_delegates_to_the_runtime_loaded_stage) ... ok
test_runner_has_no_game_class_references (test_regress_qa_release_audit.MainRunnerLoadOrderTests.test_runner_has_no_game_class_references) ... ok
test_near_side_fixture_is_strictly_inside_the_arc (test_regress_qa_release_audit.MeleeArcFixtureTests.test_near_side_fixture_is_strictly_inside_the_arc) ... ok
test_every_registered_suite_exists_exactly_once (test_regress_qa_release_audit.Node3DSuiteSchedulingTests.test_every_registered_suite_exists_exactly_once) ... ok
test_node_suites_run_in_the_deferred_phase (test_regress_qa_release_audit.Node3DSuiteSchedulingTests.test_node_suites_run_in_the_deferred_phase) ... ok
test_runner_separates_pure_from_node_suites (test_regress_qa_release_audit.Node3DSuiteSchedulingTests.test_runner_separates_pure_from_node_suites) ... ok
test_spatial_fixtures_are_attached_before_positioning (test_regress_qa_release_audit.Node3DSuiteSchedulingTests.test_spatial_fixtures_are_attached_before_positioning)
Dummies must be added to the tree, then positioned via global_position. ... ok
test_clamp_is_lower_bounded_at_zero (test_regress_qa_release_audit.OptionButtonIndexBoundsTests.test_clamp_is_lower_bounded_at_zero) ... ok
test_run_setup_clamps_selection_indices (test_regress_qa_release_audit.OptionButtonIndexBoundsTests.test_run_setup_clamps_selection_indices) ... ok
test_fixture_children_are_owned_before_packing (test_regress_qa_release_audit.PackedSceneOwnerTests.test_fixture_children_are_owned_before_packing) ... ok
test_request_main_menu_does_not_assign_paused_directly (test_regress_qa_release_audit.PauseDoesNotLeakIntoMainMenuTests.test_request_main_menu_does_not_assign_paused_directly) ... ok
test_request_main_menu_goes_through_set_paused (test_regress_qa_release_audit.PauseDoesNotLeakIntoMainMenuTests.test_request_main_menu_goes_through_set_paused) ... ok
test_set_paused_still_owns_all_three_pause_flags (test_regress_qa_release_audit.PauseDoesNotLeakIntoMainMenuTests.test_set_paused_still_owns_all_three_pause_flags) ... ok
test_dead_displayserver_noop_guard_removed (test_regress_qa_release_audit.PerformanceMonitorRestoresFpsCapTests.test_dead_displayserver_noop_guard_removed) ... ok
test_monitor_restores_max_fps_on_exit (test_regress_qa_release_audit.PerformanceMonitorRestoresFpsCapTests.test_monitor_restores_max_fps_on_exit) ... ok
test_only_one_exit_tree_is_defined (test_regress_qa_release_audit.PerformanceMonitorRestoresFpsCapTests.test_only_one_exit_tree_is_defined) ... ok
test_accumulate_never_indexes_a_possibly_missing_key (test_regress_qa_release_audit.ProgressionFirstStackTests.test_accumulate_never_indexes_a_possibly_missing_key) ... ok
test_accumulate_seeds_the_slot_before_reading_it (test_regress_qa_release_audit.ProgressionFirstStackTests.test_accumulate_seeds_the_slot_before_reading_it) ... ok
test_non_string_entries_are_skipped_not_coerced (test_regress_qa_release_audit.SaveIdListSanitationTests.test_non_string_entries_are_skipped_not_coerced) ... ok
test_controller_signal_definitions_are_unchanged (test_regress_qa_release_audit.SkillBarSignalArityTests.test_controller_signal_definitions_are_unchanged) ... ok
test_handler_arity_matches_each_signal (test_regress_qa_release_audit.SkillBarSignalArityTests.test_handler_arity_matches_each_signal) ... ok
test_ready_signal_disconnects_the_same_handler_it_connects (test_regress_qa_release_audit.SkillBarSignalArityTests.test_ready_signal_disconnects_the_same_handler_it_connects) ... ok
test_ready_signal_uses_single_arg_handler (test_regress_qa_release_audit.SkillBarSignalArityTests.test_ready_signal_uses_single_arg_handler) ... ok
test_failures_are_reported_as_one_aggregated_annotation (test_regress_qa_release_audit.TestRunnerAnnotationCapTests.test_failures_are_reported_as_one_aggregated_annotation) ... ok
test_status_title_lookup_is_null_checked (test_regress_qa_release_audit.UiRootNullCastTests.test_status_title_lookup_is_null_checked) ... ok
test_hud_suite_checks_are_not_overindented (test_regress_qa_release_audit.UiTestRunnerIndentTests.test_hud_suite_checks_are_not_overindented) ... ok
test_browsed_arena_id_is_explicitly_typed (test_regress_qa_release_audit.UiTestRunnerInferenceTests.test_browsed_arena_id_is_explicitly_typed) ... ok
test_no_inferred_local_reads_untyped_ui (test_regress_qa_release_audit.UiTestRunnerInferenceTests.test_no_inferred_local_reads_untyped_ui) ... ok
test_ui_root_is_typed (test_regress_qa_release_audit.UiTestRunnerInferenceTests.test_ui_root_is_typed) ... ok
test_heavy_tier_is_capped (test_regress_qa_release_audit.WavePlannerCountCapTests.test_heavy_tier_is_capped) ... ok
test_planned_count_stays_within_ceiling (test_regress_qa_release_audit.WavePlannerCountCapTests.test_planned_count_stays_within_ceiling)
Recompute the planner's own curve and assert the documented bound. ... ok
test_clear_world_removes_before_freeing (test_regress_qa_release_audit.WorldRebuildNameCollisionTests.test_clear_world_removes_before_freeing)
Assert the property (detach precedes release), not a literal call. ... ok
test_game_root_exposes_arena_and_weapon_commands (test_regress_release_fix.ArenaAndLoadoutWiringTests.test_game_root_exposes_arena_and_weapon_commands) ... ok
test_run_setup_no_longer_advertises_preview_only (test_regress_release_fix.ArenaAndLoadoutWiringTests.test_run_setup_no_longer_advertises_preview_only) ... ok
test_ui_commands_delegate_arena_selection (test_regress_release_fix.ArenaAndLoadoutWiringTests.test_ui_commands_delegate_arena_selection) ... ok
test_debug_self_test_is_gated (test_regress_release_fix.DocsAndChromeTests.test_debug_self_test_is_gated) ... ok
test_diagnostics_workflow_tracks_this_branch (test_regress_release_fix.DocsAndChromeTests.test_diagnostics_workflow_tracks_this_branch) ... ok
test_readme_names_seven_modes (test_regress_release_fix.DocsAndChromeTests.test_readme_names_seven_modes) ... ok
test_save_manager_applies_bindings_on_load (test_regress_release_fix.RemapPersistenceTests.test_save_manager_applies_bindings_on_load) ... ok
test_schema_is_at_least_six (test_regress_release_fix.RemapPersistenceTests.test_schema_is_at_least_six) ... ok
test_settings_serialize_bindings_on_save (test_regress_release_fix.RemapPersistenceTests.test_settings_serialize_bindings_on_save) ... ok
test_authored_midgame_waves_exist (test_regress_release_fix.TutorialAndWaveTests.test_authored_midgame_waves_exist) ... ok
test_coach_walks_seven_steps (test_regress_release_fix.TutorialAndWaveTests.test_coach_walks_seven_steps) ... ok
test_project_and_export_share_0_7_0 (test_regress_release_fix.VersionIdentityTests.test_project_and_export_share_0_7_0) ... ok
test_arena_gd_has_export (test_regress_remaining_risks.RemainingArenaRisks.test_arena_gd_has_export) ... ok
test_rng_validated (test_regress_remaining_risks.RemainingCoreRisks.test_rng_validated) ... ok
test_boss_phase_config_export_guard (test_regress_remaining_risks.RemainingEnemyRisks.test_boss_phase_config_export_guard) ... ok
test_enemy_striker_has_guard (test_regress_remaining_risks.RemainingEnemyRisks.test_enemy_striker_has_guard) ... ok
test_spawn_ledger_still (test_regress_remaining_risks.RemainingEnemyRisks.test_spawn_ledger_still) ... ok
test_spawn_manager_has_prune (test_regress_remaining_risks.RemainingEnemyRisks.test_spawn_manager_has_prune) ... ok
test_spawn_placer_clamp (test_regress_remaining_risks.RemainingEnemyRisks.test_spawn_placer_clamp) ... ok
test_attack_buffer_exists (test_regress_remaining_risks.RemainingPlayerRisks.test_attack_buffer_exists) ... ok
test_character_controller_exists (test_regress_remaining_risks.RemainingPlayerRisks.test_character_controller_exists) ... ok
test_combo_logic_lives_in_weapons (test_regress_remaining_risks.RemainingPlayerRisks.test_combo_logic_lives_in_weapons) ... ok
test_health_still_emits (test_regress_remaining_risks.RemainingPlayerRisks.test_health_still_emits) ... ok
test_player_animation_exists (test_regress_remaining_risks.RemainingPlayerRisks.test_player_animation_exists) ... ok
test_player_attack_signal_gone_effects_use_event_bus (test_regress_remaining_risks.RemainingPlayerRisks.test_player_attack_signal_gone_effects_use_event_bus) ... ok
test_player_audio_exists (test_regress_remaining_risks.RemainingPlayerRisks.test_player_audio_exists) ... ok
test_player_equipment_exists (test_regress_remaining_risks.RemainingPlayerRisks.test_player_equipment_exists) ... ok
test_player_feedback_exists (test_regress_remaining_risks.RemainingPlayerRisks.test_player_feedback_exists) ... ok
test_stamina_still_recovers (test_regress_remaining_risks.RemainingPlayerRisks.test_stamina_still_recovers) ... ok
test_tutorial_guarded (test_regress_remaining_risks.RemainingUIRisks.test_tutorial_guarded) ... ok
test_clear_world_isolates_then_frees (test_regress_run_isolation.GameOverKeepsWorldTests.test_clear_world_isolates_then_frees) ... ok
test_game_over_isolates_without_clearing_world (test_regress_run_isolation.GameOverKeepsWorldTests.test_game_over_isolates_without_clearing_world) ... ok
test_isolate_run_pools_walks_groups_and_parks_audio (test_regress_run_isolation.GameOverKeepsWorldTests.test_isolate_run_pools_walks_groups_and_parks_audio) ... ok
test_main_menu_still_clears_world (test_regress_run_isolation.GameOverKeepsWorldTests.test_main_menu_still_clears_world) ... ok
test_stop_run_waves_is_still_waves_and_ai_only (test_regress_run_isolation.GameOverKeepsWorldTests.test_stop_run_waves_is_still_waves_and_ai_only) ... ok
test_ui_root_keeps_game_state_and_damage_observers (test_regress_run_isolation.HudListenersStayTests.test_ui_root_keeps_game_state_and_damage_observers) ... ok
test_ui_still_clears_numbers_when_leaving_play (test_regress_run_isolation.HudListenersStayTests.test_ui_still_clears_numbers_when_leaving_play) ... ok
test_isolator_calls_each_pool_isolate (test_regress_run_isolation.IsolatorContractTests.test_isolator_calls_each_pool_isolate) ... ok
test_isolator_does_not_free_the_world (test_regress_run_isolation.IsolatorContractTests.test_isolator_does_not_free_the_world) ... ok
test_isolator_has_no_autoload_identifiers (test_regress_run_isolation.IsolatorContractTests.test_isolator_has_no_autoload_identifiers) ... ok
test_node_suite_registered (test_regress_run_isolation.IsolatorContractTests.test_node_suite_registered) ... ok
test_audio_isolate_parks_listener_and_leaves_ui_bank (test_regress_run_isolation.PoolDrainApiTests.test_audio_isolate_parks_listener_and_leaves_ui_bank) ... ok
test_damage_numbers_join_the_group (test_regress_run_isolation.PoolDrainApiTests.test_damage_numbers_join_the_group) ... ok
test_effect_director_unbinds_while_staying_in_tree (test_regress_run_isolation.PoolDrainApiTests.test_effect_director_unbinds_while_staying_in_tree) ... ok
test_hitstop_isolate_restores_timescale (test_regress_run_isolation.PoolDrainApiTests.test_hitstop_isolate_restores_timescale) ... ok
test_objective_unbinds_collect_listeners (test_regress_run_isolation.PoolDrainApiTests.test_objective_unbinds_collect_listeners) ... ok
test_pickup_switches_to_event_bindings (test_regress_run_isolation.PoolDrainApiTests.test_pickup_switches_to_event_bindings) ... ok
test_player_audio_unbinds_shot_sting (test_regress_run_isolation.PoolDrainApiTests.test_player_audio_unbinds_shot_sting) ... ok
test_player_unbinds_kill_feeds_without_hud (test_regress_run_isolation.PoolDrainApiTests.test_player_unbinds_kill_feeds_without_hud) ... ok
test_projectile_isolate_drains_and_refuses_fire (test_regress_run_isolation.PoolDrainApiTests.test_projectile_isolate_drains_and_refuses_fire) ... ok
test_spatial_isolate_stops_world_voices (test_regress_run_isolation.PoolDrainApiTests.test_spatial_isolate_stops_world_voices) ... ok
test_every_mode_file_authors_its_id_as_its_stem (test_regress_run_modes.AuthoredModeDataTests.test_every_mode_file_authors_its_id_as_its_stem) ... ok
test_every_scripted_campaign_wave_is_announced_and_vice_versa (test_regress_run_modes.AuthoredModeDataTests.test_every_scripted_campaign_wave_is_announced_and_vice_versa) ... ok
test_every_shipped_mode_matches_the_values_the_code_table_carried (test_regress_run_modes.AuthoredModeDataTests.test_every_shipped_mode_matches_the_values_the_code_table_carried) ... ok
test_no_mode_authors_a_field_no_reader_consumes (test_regress_run_modes.AuthoredModeDataTests.test_no_mode_authors_a_field_no_reader_consumes) ... ok
test_scripted_waves_are_the_rows_the_match_arms_returned (test_regress_run_modes.AuthoredModeDataTests.test_scripted_waves_are_the_rows_the_match_arms_returned) ... ok
test_the_folder_holds_exactly_the_shipped_modes (test_regress_run_modes.AuthoredModeDataTests.test_the_folder_holds_exactly_the_shipped_modes) ... ok
test_the_objective_vocabulary_is_the_one_the_modes_use (test_regress_run_modes.AuthoredModeDataTests.test_the_objective_vocabulary_is_the_one_the_modes_use) ... ok
test_challenge_tiers_are_the_rungs_the_dictionary_held (test_regress_run_modes.AuthoredPrestigeLadderTests.test_challenge_tiers_are_the_rungs_the_dictionary_held) ... ok
test_cosmetic_ranks_are_the_staircase_and_name_real_cosmetics (test_regress_run_modes.AuthoredPrestigeLadderTests.test_cosmetic_ranks_are_the_staircase_and_name_real_cosmetics) ... ok
test_no_per_rank_cosmetic_staircase_or_number_came_back (test_regress_run_modes.AuthoredPrestigeLadderTests.test_no_per_rank_cosmetic_staircase_or_number_came_back) ... ok
test_the_challenge_escalation_protocol_is_closed_across_the_two_files (test_regress_run_modes.AuthoredPrestigeLadderTests.test_the_challenge_escalation_protocol_is_closed_across_the_two_files) ... ok
test_the_ladder_is_one_file_with_the_shipped_curve (test_regress_run_modes.AuthoredPrestigeLadderTests.test_the_ladder_is_one_file_with_the_shipped_curve) ... ok
test_the_ladder_never_weakens_a_run_as_rank_rises (test_regress_run_modes.AuthoredPrestigeLadderTests.test_the_ladder_never_weakens_a_run_as_rank_rises) ... ok
test_titles_are_dense_and_exactly_cover_the_ranks (test_regress_run_modes.AuthoredPrestigeLadderTests.test_titles_are_dense_and_exactly_cover_the_ranks) ... ok
test_objective_director_reads_its_targets_from_the_mode (test_regress_run_modes.ConsumerTests.test_objective_director_reads_its_targets_from_the_mode) ... ok
test_save_paths_clamp_against_the_ladder_not_a_const (test_regress_run_modes.ConsumerTests.test_save_paths_clamp_against_the_ladder_not_a_const) ... ok
test_scorekeeper_still_avoids_double_counting_a_scaling_mode (test_regress_run_modes.ConsumerTests.test_scorekeeper_still_avoids_double_counting_a_scaling_mode) ... ok
test_the_armory_copies_come_from_the_ladder (test_regress_run_modes.ConsumerTests.test_the_armory_copies_come_from_the_ladder) ... ok
test_the_run_state_default_is_still_standard (test_regress_run_modes.ConsumerTests.test_the_run_state_default_is_still_standard) ... ok
test_the_setup_panel_lists_authored_modes_and_never_invents_copy (test_regress_run_modes.ConsumerTests.test_the_setup_panel_lists_authored_modes_and_never_invents_copy) ... ok
test_wave_manager_still_asks_the_mode_for_its_rules (test_regress_run_modes.ConsumerTests.test_wave_manager_still_asks_the_mode_for_its_rules) ... ok
test_the_accessors_that_only_existed_for_them_are_gone (test_regress_run_modes.DeadFieldTests.test_the_accessors_that_only_existed_for_them_are_gone) ... ok
test_the_dead_accessor_pattern_has_a_test_everywhere_it_was_found (test_regress_run_modes.DeadFieldTests.test_the_dead_accessor_pattern_has_a_test_everywhere_it_was_found) ... ok
test_the_unread_keys_are_not_in_the_data (test_regress_run_modes.DeadFieldTests.test_the_unread_keys_are_not_in_the_data) ... ok
test_hardening_counts_are_the_tools_own (test_regress_run_modes.DocCountTests.test_hardening_counts_are_the_tools_own) ... ok
test_the_superseded_heading_stays_historical (test_regress_run_modes.DocCountTests.test_the_superseded_heading_stays_historical) ... ok
test_no_export_default_is_a_literal_of_the_wrong_type (test_regress_run_modes.ExportLiteralTypeTests.test_no_export_default_is_a_literal_of_the_wrong_type) ... ok
test_a_half_built_registry_is_not_an_answer (test_regress_run_modes.FirstOfKindTests.test_a_half_built_registry_is_not_an_answer) ... ok
test_the_copy_is_the_enemy_s (test_regress_run_modes.FirstOfKindTests.test_the_copy_is_the_enemy_s) ... ok
test_the_feature_survives_on_the_announcer (test_regress_run_modes.FirstOfKindTests.test_the_feature_survives_on_the_announcer) ... ok
test_the_shipped_blurbs_are_the_strings_the_other_pass_wrote (test_regress_run_modes.FirstOfKindTests.test_the_shipped_blurbs_are_the_strings_the_other_pass_wrote) ... ok
test_the_announcer_is_compared_to_the_file_not_to_a_copy_of_its_copy (test_regress_run_modes.LiveRunDefinitionStageTests.test_the_announcer_is_compared_to_the_file_not_to_a_copy_of_its_copy) ... ok
test_the_ladder_is_read_cold_and_the_payout_is_a_number_from_the_file (test_regress_run_modes.LiveRunDefinitionStageTests.test_the_ladder_is_read_cold_and_the_payout_is_a_number_from_the_file) ... ok
test_the_stage_does_not_become_a_second_table (test_regress_run_modes.LiveRunDefinitionStageTests.test_the_stage_does_not_become_a_second_table) ... ok
test_the_stage_exists_and_is_reached (test_regress_run_modes.LiveRunDefinitionStageTests.test_the_stage_exists_and_is_reached) ... ok
test_every_hazard_mode_overlay_names_a_shipped_mode (test_regress_run_modes.LoaderAndRegistryTests.test_every_hazard_mode_overlay_names_a_shipped_mode) ... ok
test_every_shipped_arena_authors_its_three_lines (test_regress_run_modes.LoaderAndRegistryTests.test_every_shipped_arena_authors_its_three_lines) ... ok
test_the_configs_validate_their_own_pairs (test_regress_run_modes.LoaderAndRegistryTests.test_the_configs_validate_their_own_pairs) ... ok
test_the_loader_registers_and_validates_both_tables (test_regress_run_modes.LoaderAndRegistryTests.test_the_loader_registers_and_validates_both_tables) ... ok
test_the_registry_owns_the_tables (test_regress_run_modes.LoaderAndRegistryTests.test_the_registry_owns_the_tables) ... ok
test_an_absent_cadence_is_a_rule_not_a_clamp (test_regress_run_modes.NoCodeTableTests.test_an_absent_cadence_is_a_rule_not_a_clamp)
`upgrade_every = 0` has to mean "never", because that is the only way to author it. ... ok
test_no_authored_magnitude_survives_in_the_selectors (test_regress_run_modes.NoCodeTableTests.test_no_authored_magnitude_survives_in_the_selectors) ... ok
test_nobody_branches_on_a_mode_id_in_code (test_regress_run_modes.NoCodeTableTests.test_nobody_branches_on_a_mode_id_in_code) ... ok
test_the_announcer_holds_no_tables_of_its_own (test_regress_run_modes.NoCodeTableTests.test_the_announcer_holds_no_tables_of_its_own) ... ok
test_the_mode_layer_hands_over_no_dictionary_records (test_regress_run_modes.NoCodeTableTests.test_the_mode_layer_hands_over_no_dictionary_records) ... ok
test_the_readers_hold_no_prose (test_regress_run_modes.NoCodeTableTests.test_the_readers_hold_no_prose)
No string a player reads is spelled out in the resolver or the announcer. ... ok
test_the_spawn_queue_is_one_rule_set_not_five_builders (test_regress_run_modes.NoCodeTableTests.test_the_spawn_queue_is_one_rule_set_not_five_builders) ... ok
test_the_unresolved_id_is_reported_and_never_laundered (test_regress_run_modes.NoCodeTableTests.test_the_unresolved_id_is_reported_and_never_laundered) ... ok
test_backup_rotation_skips_missing_generations (test_regress_save_manager_dirty_flag.SaveManagerTests.test_backup_rotation_skips_missing_generations) ... ok
test_dirty_flag_only_on_success (test_regress_save_manager_dirty_flag.SaveManagerTests.test_dirty_flag_only_on_success) ... ok
test_integrity_is_verified_before_normalization (test_regress_save_manager_dirty_flag.SaveManagerTests.test_integrity_is_verified_before_normalization) ... ok
test_run_build_seed_key_is_seed (test_regress_save_manager_dirty_flag.SaveManagerTests.test_run_build_seed_key_is_seed) ... ok
test_save_commit_is_non_destructive_and_durable (test_regress_save_manager_dirty_flag.SaveManagerTests.test_save_commit_is_non_destructive_and_durable) ... ok
test_save_schema_int_rounding (test_regress_save_manager_dirty_flag.SaveManagerTests.test_save_schema_int_rounding) ... ok
test_ancestor_cast_is_accepted (test_regress_scene_path_contract.CastCompatTests.test_ancestor_cast_is_accepted) ... ok
test_impossible_engine_cast_is_caught (test_regress_scene_path_contract.CastCompatTests.test_impossible_engine_cast_is_caught) ... ok
test_matching_engine_cast_is_accepted (test_regress_scene_path_contract.CastCompatTests.test_matching_engine_cast_is_accepted) ... ok
test_runtime_chain_cast_is_not_falsely_flagged (test_regress_scene_path_contract.CastCompatTests.test_runtime_chain_cast_is_not_falsely_flagged) ... ok
test_script_attached_cast_is_accepted (test_regress_scene_path_contract.CastCompatTests.test_script_attached_cast_is_accepted) ... ok
test_script_class_on_engine_typed_node_is_caught (test_regress_scene_path_contract.CastCompatTests.test_script_class_on_engine_typed_node_is_caught) ... ok
test_dead_nodepath_property_is_caught (test_regress_scene_path_contract.NodePathPropertyTests.test_dead_nodepath_property_is_caught) ... ok
test_live_nodepath_property_is_accepted (test_regress_scene_path_contract.NodePathPropertyTests.test_live_nodepath_property_is_accepted) ... ok
test_autoload_absolute_path_is_accepted (test_regress_scene_path_contract.PhantomPathTests.test_autoload_absolute_path_is_accepted) ... ok
test_declared_scene_path_is_accepted (test_regress_scene_path_contract.PhantomPathTests.test_declared_scene_path_is_accepted) ... ok
test_hard_get_node_phantom_is_caught (test_regress_scene_path_contract.PhantomPathTests.test_hard_get_node_phantom_is_caught) ... ok
test_parent_navigation_is_tolerated (test_regress_scene_path_contract.PhantomPathTests.test_parent_navigation_is_tolerated) ... ok
test_runtime_assigned_name_is_accepted (test_regress_scene_path_contract.PhantomPathTests.test_runtime_assigned_name_is_accepted) ... ok
test_scene_prefix_plus_runtime_tail_is_accepted (test_regress_scene_path_contract.PhantomPathTests.test_scene_prefix_plus_runtime_tail_is_accepted) ... ok
test_soft_get_node_or_null_phantom_is_caught (test_regress_scene_path_contract.PhantomPathTests.test_soft_get_node_or_null_phantom_is_caught) ... ok
test_stringname_literal_is_checked_too (test_regress_scene_path_contract.PhantomPathTests.test_stringname_literal_is_checked_too) ... ok
test_cast_compatibility_uses_the_checked_in_manifest (test_regress_scene_path_contract.RepoGateTests.test_cast_compatibility_uses_the_checked_in_manifest) ... ok
test_gate_indexes_the_real_scenes_and_lookups (test_regress_scene_path_contract.RepoGateTests.test_gate_indexes_the_real_scenes_and_lookups) ... ok
test_gate_is_clean_on_the_tree (test_regress_scene_path_contract.RepoGateTests.test_gate_is_clean_on_the_tree) ... ok
test_instance_subtree_attachment_is_accepted (test_regress_scene_path_contract.SceneIntegrityTests.test_instance_subtree_attachment_is_accepted) ... ok
test_instance_subtree_does_not_excuse_phantom_parents (test_regress_scene_path_contract.SceneIntegrityTests.test_instance_subtree_does_not_excuse_phantom_parents) ... ok
test_orphan_parent_is_caught (test_regress_scene_path_contract.SceneIntegrityTests.test_orphan_parent_is_caught) ... ok
test_flagged_unique_ref_is_accepted (test_regress_scene_path_contract.UniqueNameTests.test_flagged_unique_ref_is_accepted) ... ok
test_unflagged_unique_ref_is_caught (test_regress_scene_path_contract.UniqueNameTests.test_unflagged_unique_ref_is_caught) ... ok
test_player_tscn_body_has_mesh_subresource (test_regress_scene_player_tscn.PlayerSceneTests.test_player_tscn_body_has_mesh_subresource) ... ok
test_player_tscn_has_fallback_body (test_regress_scene_player_tscn.PlayerSceneTests.test_player_tscn_has_fallback_body) ... ok
test_player_tscn_load_steps_is_29 (test_regress_scene_player_tscn.PlayerSceneTests.test_player_tscn_load_steps_is_29) ... ok
test_autoload_emit_arity_is_checked (test_regress_signal_contract.AutoloadReceiverTests.test_autoload_emit_arity_is_checked) ... ok
test_known_autoload_signal_is_accepted (test_regress_signal_contract.AutoloadReceiverTests.test_known_autoload_signal_is_accepted) ... ok
test_phantom_autoload_signal_is_caught (test_regress_signal_contract.AutoloadReceiverTests.test_phantom_autoload_signal_is_caught) ... ok
test_callable_arity_out_of_range_is_caught (test_regress_signal_contract.ConnectCallableTests.test_callable_arity_out_of_range_is_caught) ... ok
test_default_parameters_widen_the_accepted_range (test_regress_signal_contract.ConnectCallableTests.test_default_parameters_widen_the_accepted_range) ... ok
test_inherited_engine_method_is_accepted (test_regress_signal_contract.ConnectCallableTests.test_inherited_engine_method_is_accepted) ... ok
test_phantom_callable_is_caught (test_regress_signal_contract.ConnectCallableTests.test_phantom_callable_is_caught) ... ok
test_self_method_form_is_checked_too (test_regress_signal_contract.ConnectCallableTests.test_self_method_form_is_checked_too) ... ok
test_self_emit_arity_match_is_accepted (test_regress_signal_contract.EmitArityTests.test_self_emit_arity_match_is_accepted) ... ok
test_self_emit_arity_mismatch_is_caught (test_regress_signal_contract.EmitArityTests.test_self_emit_arity_mismatch_is_caught) ... ok
test_bare_emit_signal_arity_is_checked (test_regress_signal_contract.LegacyStringFormTests.test_bare_emit_signal_arity_is_checked) ... ok
test_bare_emit_signal_phantom_is_caught (test_regress_signal_contract.LegacyStringFormTests.test_bare_emit_signal_phantom_is_caught) ... ok
test_dynamic_receiver_existing_signal_is_legal (test_regress_signal_contract.LegacyStringFormTests.test_dynamic_receiver_existing_signal_is_legal) ... ok
test_dynamic_receiver_string_form_phantom_is_caught (test_regress_signal_contract.LegacyStringFormTests.test_dynamic_receiver_string_form_phantom_is_caught) ... ok
test_has_signal_probes_are_not_flagged (test_regress_signal_contract.LegacyStringFormTests.test_has_signal_probes_are_not_flagged) ... ok
test_bare_declared_self_signal_is_accepted (test_regress_signal_contract.PhantomSignalTests.test_bare_declared_self_signal_is_accepted) ... ok
test_bare_phantom_is_caught (test_regress_signal_contract.PhantomSignalTests.test_bare_phantom_is_caught) ... ok
test_engine_inherited_signals_are_accepted (test_regress_signal_contract.PhantomSignalTests.test_engine_inherited_signals_are_accepted) ... ok
test_existing_signal_on_dynamic_chain_is_legal (test_regress_signal_contract.PhantomSignalTests.test_existing_signal_on_dynamic_chain_is_legal) ... ok
test_phantom_on_dynamic_chain_is_caught (test_regress_signal_contract.PhantomSignalTests.test_phantom_on_dynamic_chain_is_caught) ... ok
test_signal_api_names_are_not_read_as_signals (test_regress_signal_contract.PhantomSignalTests.test_signal_api_names_are_not_read_as_signals) ... ok
test_signal_declared_elsewhere_is_warning_not_error (test_regress_signal_contract.PhantomSignalTests.test_signal_declared_elsewhere_is_warning_not_error) ... ok
test_variable_receiver_is_recognised_as_dynamic (test_regress_signal_contract.PhantomSignalTests.test_variable_receiver_is_recognised_as_dynamic) ... ok
test_gate_checks_the_real_volume (test_regress_signal_contract.RepoGateTests.test_gate_checks_the_real_volume) ... ok
test_gate_is_clean_on_the_tree (test_regress_signal_contract.RepoGateTests.test_gate_is_clean_on_the_tree) ... ok
test_manifest_carries_engine_signal_arities (test_regress_signal_contract.RepoGateTests.test_manifest_carries_engine_signal_arities) ... ok
test_collider_is_on_the_world_layer_the_actors_collide_with (test_regress_solid_props_and_buttons.SolidDecorationTests.test_collider_is_on_the_world_layer_the_actors_collide_with) ... ok
test_collider_size_is_clamped (test_regress_solid_props_and_buttons.SolidDecorationTests.test_collider_size_is_clamped) ... ok
test_footprints_are_published_to_the_nav_grid (test_regress_solid_props_and_buttons.SolidDecorationTests.test_footprints_are_published_to_the_nav_grid) ... ok
test_props_keep_clear_of_spawn_markers (test_regress_solid_props_and_buttons.SolidDecorationTests.test_props_keep_clear_of_spawn_markers) ... ok
test_scattered_clutter_gets_a_collider (test_regress_solid_props_and_buttons.SolidDecorationTests.test_scattered_clutter_gets_a_collider) ... ok
test_solid_prop_suite_is_registered_with_the_godot_runner (test_regress_solid_props_and_buttons.SolidDecorationTests.test_solid_prop_suite_is_registered_with_the_godot_runner) ... ok
test_structural_pillars_join_the_nav_grid_too (test_regress_solid_props_and_buttons.SolidDecorationTests.test_structural_pillars_join_the_nav_grid_too) ... ok
test_buttons_route_through_one_guarded_dispatcher (test_regress_solid_props_and_buttons.TouchActionButtonTests.test_buttons_route_through_one_guarded_dispatcher) ... ok
test_command_is_emitted_before_haptics (test_regress_solid_props_and_buttons.TouchActionButtonTests.test_command_is_emitted_before_haptics) ... ok
test_haptics_are_guarded (test_regress_solid_props_and_buttons.TouchActionButtonTests.test_haptics_are_guarded) ... ok
test_skill_slot_arg_is_type_checked (test_regress_solid_props_and_buttons.TouchActionButtonTests.test_skill_slot_arg_is_type_checked) ... ok
test_boss_controller_disconnects_on_exit (test_regress_stamina_experience_boss_exit.Batch11Tests.test_boss_controller_disconnects_on_exit) ... ok
test_experience_reset_emits_xp_changed (test_regress_stamina_experience_boss_exit.Batch11Tests.test_experience_reset_emits_xp_changed) ... ok
test_stamina_exhaust_emits_changed (test_regress_stamina_experience_boss_exit.Batch11Tests.test_stamina_exhaust_emits_changed) ... ok
test_all_nine_singletons_present (test_regress_startup_stability.AutoloadOrderTests.test_all_nine_singletons_present) ... ok
test_dependency_first_order (test_regress_startup_stability.AutoloadOrderTests.test_dependency_first_order) ... ok
test_ready_halts_in_debug_on_validation_errors (test_regress_startup_stability.ContentRegistryHaltTests.test_ready_halts_in_debug_on_validation_errors) ... ok
test_write_only_dirty_flag_gone (test_regress_startup_stability.ContentRegistryHaltTests.test_write_only_dirty_flag_gone) ... ok
test_character_visuals_exposes_model_path_and_reports (test_regress_startup_stability.PlayerVisualFallbackTests.test_character_visuals_exposes_model_path_and_reports) ... ok
test_player_scene_has_body (test_regress_startup_stability.PlayerVisualFallbackTests.test_player_scene_has_body) ... ok
test_visual_mount_reports_fallback_state (test_regress_startup_stability.PlayerVisualFallbackTests.test_visual_mount_reports_fallback_state) ... ok
test_finalize_reads_authoritative_bests (test_regress_startup_stability.WorldBootstrapValidationTests.test_finalize_reads_authoritative_bests) ... ok
test_spawn_player_fails_closed (test_regress_startup_stability.WorldBootstrapValidationTests.test_spawn_player_fails_closed) ... ok
test_world_and_wave_failures_report (test_regress_startup_stability.WorldBootstrapValidationTests.test_world_and_wave_failures_report) ... ok
test_autoload_lookup_is_still_by_path (test_regress_status_hot_path.BehaviourParityTests.test_autoload_lookup_is_still_by_path) ... ok
test_dot_path_still_goes_through_the_health_component (test_regress_status_hot_path.BehaviourParityTests.test_dot_path_still_goes_through_the_health_component) ... ok
test_harmful_filter_on_cleanse_all_is_unchanged (test_regress_status_hot_path.BehaviourParityTests.test_harmful_filter_on_cleanse_all_is_unchanged) ... ok
test_signals_are_still_emitted_from_the_same_three_points (test_regress_status_hot_path.BehaviourParityTests.test_signals_are_still_emitted_from_the_same_three_points) ... ok
test_stack_mode_shield_policy_is_unchanged (test_regress_status_hot_path.BehaviourParityTests.test_stack_mode_shield_policy_is_unchanged) ... ok
test_docs_point_at_the_cached_fold (test_regress_status_hot_path.HarnessRegistrationTests.test_docs_point_at_the_cached_fold)
The perf docs used to say this cost was knowingly left in place; if the ... ok
test_the_live_suite_is_registered (test_regress_status_hot_path.HarnessRegistrationTests.test_the_live_suite_is_registered) ... ok
test_the_pure_status_suite_still_covers_the_config_layer (test_regress_status_hot_path.HarnessRegistrationTests.test_the_pure_status_suite_still_covers_the_config_layer)
The rebuild must not narrow coverage: the pre-existing pure suite owns the ... ok
test_the_runner_stays_free_of_status_classes (test_regress_status_hot_path.HarnessRegistrationTests.test_the_runner_stays_free_of_status_classes) ... ok
test_a_benign_refresh_does_not_refold (test_regress_status_hot_path.HotPathTests.test_a_benign_refresh_does_not_refold)
Re-applying burn on every swing is the common case and changes no folded value, ... ok
test_absorb_path_does_not_snapshot_the_table (test_regress_status_hot_path.HotPathTests.test_absorb_path_does_not_snapshot_the_table) ... ok
test_aggregate_queries_are_field_reads (test_regress_status_hot_path.HotPathTests.test_aggregate_queries_are_field_reads)
The read must be a return of a cached field; a test can then assert the ratio, ... ok
test_autoload_refs_are_resolved_once (test_regress_status_hot_path.HotPathTests.test_autoload_refs_are_resolved_once)
The bus/registry lookups walked /root on every application and every expiry; the ... ok
test_every_mutation_invalidates_the_cache (test_regress_status_hot_path.HotPathTests.test_every_mutation_invalidates_the_cache)
Missing one of these is the bug the cache could introduce: a stale aggregate that ... ok
test_idle_component_stops_being_ticked (test_regress_status_hot_path.HotPathTests.test_idle_component_stops_being_ticked) ... ok
test_invalidation_is_reachable_not_just_present (test_regress_status_hot_path.HotPathTests.test_invalidation_is_reachable_not_just_present)
An assertIn on `_aggregates_dirty = true` is satisfiable by hiding it in a dead ... ok
test_no_stringly_typed_power_record (test_regress_status_hot_path.HotPathTests.test_no_stringly_typed_power_record)
_power_for used to return {duration, damage} and the caller did three hash ... ok
test_reads_are_cached_folds_not_scans (test_regress_status_hot_path.HotPathTests.test_reads_are_cached_folds_not_scans) ... ok
test_shield_bookkeeping_is_not_a_parallel_table (test_regress_status_hot_path.HotPathTests.test_shield_bookkeeping_is_not_a_parallel_table) ... ok
test_the_tick_is_reentrancy_guarded (test_regress_status_hot_path.HotPathTests.test_the_tick_is_reentrancy_guarded)
The scratch arrays are reused, so a re-entrant tick would clobber them. The guard ... ok
test_tick_does_not_copy_the_key_array (test_regress_status_hot_path.HotPathTests.test_tick_does_not_copy_the_key_array) ... ok
test_tick_does_not_validate_configs (test_regress_status_hot_path.HotPathTests.test_tick_does_not_validate_configs) ... ok
test_validation_covers_the_authoring_traps (test_regress_status_hot_path.HotPathTests.test_validation_covers_the_authoring_traps)
Each message below is a rule whose absence lets a broken status reach the tick ... ok
test_duration_hint_allows_the_permanent_value_validate_accepts (test_regress_status_hot_path.ShippedStatusDataTests.test_duration_hint_allows_the_permanent_value_validate_accepts)
@export_range(0.05, ...) made "permanent until cleansed" unauthorisable in the ... ok
test_effect_id_matches_the_file_name (test_regress_status_hot_path.ShippedStatusDataTests.test_effect_id_matches_the_file_name) ... ok
test_every_shipped_status_passes_the_load_time_audit (test_regress_status_hot_path.ShippedStatusDataTests.test_every_shipped_status_passes_the_load_time_audit) ... ok
test_no_shipped_status_is_permanent_except_where_the_runtime_allows_it (test_regress_status_hot_path.ShippedStatusDataTests.test_no_shipped_status_is_permanent_except_where_the_runtime_allows_it) ... ok
test_the_mirror_tracks_the_class_rules (test_regress_status_hot_path.ShippedStatusDataTests.test_the_mirror_tracks_the_class_rules)
A rule added to validate() without its mirror would slip through the "proven to ... ok
test_there_are_status_configs_to_audit (test_regress_status_hot_path.ShippedStatusDataTests.test_there_are_status_configs_to_audit) ... ok
test_config_extends_validated_config (test_regress_status_hot_path.TypeContractTests.test_config_extends_validated_config) ... ok
test_effect_table_is_typed_and_runtime_only (test_regress_status_hot_path.TypeContractTests.test_effect_table_is_typed_and_runtime_only) ... ok
test_reapply_reports_whether_modifiers_changed (test_regress_status_hot_path.TypeContractTests.test_reapply_reports_whether_modifiers_changed)
The manager needs to know that a duration-only refresh changed nothing a fold ... ok
test_stacking_uses_the_authored_max (test_regress_status_hot_path.TypeContractTests.test_stacking_uses_the_authored_max) ... ok
test_the_fold_preserves_the_two_read_semantics (test_regress_status_hot_path.TypeContractTests.test_the_fold_preserves_the_two_read_semantics)
Factors used to include an effect that expired this tick but is not removed yet; ... ok
test_tick_timekeeping_is_unchanged (test_regress_status_hot_path.TypeContractTests.test_tick_timekeeping_is_unchanged) ... ok
test_array_arity_match_is_accepted (test_regress_string_format_contract.ArityTests.test_array_arity_match_is_accepted) ... ok
test_array_too_few_arguments_is_caught (test_regress_string_format_contract.ArityTests.test_array_too_few_arguments_is_caught) ... ok
test_array_too_many_arguments_is_caught (test_regress_string_format_contract.ArityTests.test_array_too_many_arguments_is_caught) ... ok
test_double_percent_is_an_escape_not_a_placeholder (test_regress_string_format_contract.ArityTests.test_double_percent_is_an_escape_not_a_placeholder) ... ok
test_dynamic_width_star_consumes_an_extra_value (test_regress_string_format_contract.ArityTests.test_dynamic_width_star_consumes_an_extra_value) ... ok
test_multiline_array_with_trailing_comma_is_accepted (test_regress_string_format_contract.ArityTests.test_multiline_array_with_trailing_comma_is_accepted) ... ok
test_scalar_needs_exactly_one_placeholder (test_regress_string_format_contract.ArityTests.test_scalar_needs_exactly_one_placeholder) ... ok
test_trailing_comma_is_legal_and_adds_no_element (test_regress_string_format_contract.ArityTests.test_trailing_comma_is_legal_and_adds_no_element) ... ok
test_expr_elements_are_not_falsely_typed (test_regress_string_format_contract.LiteralTypeTests.test_expr_elements_are_not_falsely_typed) ... ok
test_long_string_into_char_placeholder_is_caught (test_regress_string_format_contract.LiteralTypeTests.test_long_string_into_char_placeholder_is_caught) ... ok
test_number_into_vector_placeholder_is_caught (test_regress_string_format_contract.LiteralTypeTests.test_number_into_vector_placeholder_is_caught) ... ok
test_string_into_numeric_placeholder_is_caught (test_regress_string_format_contract.LiteralTypeTests.test_string_into_numeric_placeholder_is_caught) ... ok
test_vector_literal_into_vector_placeholder_is_accepted (test_regress_string_format_contract.LiteralTypeTests.test_vector_literal_into_vector_placeholder_is_accepted) ... ok
test_comment_content_is_ignored (test_regress_string_format_contract.NotFormatTests.test_comment_content_is_ignored) ... ok
test_integer_modulo_is_not_checked (test_regress_string_format_contract.NotFormatTests.test_integer_modulo_is_not_checked) ... ok
test_nodepath_literal_is_not_a_format_operand (test_regress_string_format_contract.NotFormatTests.test_nodepath_literal_is_not_a_format_operand) ... ok
test_precedence_trap_is_still_caught_per_literal (test_regress_string_format_contract.NotFormatTests.test_precedence_trap_is_still_caught_per_literal) ... ok
test_stringname_literal_is_not_a_format_operand (test_regress_string_format_contract.NotFormatTests.test_stringname_literal_is_not_a_format_operand) ... ok
test_all_engine_types_are_accepted (test_regress_string_format_contract.PlaceholderSyntaxTests.test_all_engine_types_are_accepted) ... ok
test_incomplete_trailing_percent_is_caught (test_regress_string_format_contract.PlaceholderSyntaxTests.test_incomplete_trailing_percent_is_caught) ... ok
test_unknown_type_character_is_caught (test_regress_string_format_contract.PlaceholderSyntaxTests.test_unknown_type_character_is_caught) ... ok
test_vector_type_is_accepted (test_regress_string_format_contract.PlaceholderSyntaxTests.test_vector_type_is_accepted) ... ok
test_gate_checks_the_real_volume (test_regress_string_format_contract.RepoGateTests.test_gate_checks_the_real_volume) ... ok
test_gate_is_clean_on_the_tree (test_regress_string_format_contract.RepoGateTests.test_gate_is_clean_on_the_tree) ... ok
test_the_shipped_bug_stays_fixed (test_regress_string_format_contract.RepoGateTests.test_the_shipped_bug_stays_fixed) ... ok
test_all_validated_present (test_regress_sweep_fixes.SweepFixTests.test_all_validated_present) ... ok
test_area_damage_radius_valid (test_regress_sweep_fixes.SweepFixTests.test_area_damage_radius_valid) ... ok
test_boss_signal_order (test_regress_sweep_fixes.SweepFixTests.test_boss_signal_order) ... ok
test_combat_seeded_rng (test_regress_sweep_fixes.SweepFixTests.test_combat_seeded_rng) ... ok
test_content_loader_recursive (test_regress_sweep_fixes.SweepFixTests.test_content_loader_recursive) ... ok
test_player_animation_no_bare_get_node (test_regress_sweep_fixes.SweepFixTests.test_player_animation_no_bare_get_node) ... ok
test_player_equipment_no_bare_get_node (test_regress_sweep_fixes.SweepFixTests.test_player_equipment_no_bare_get_node) ... ok
test_spawn_placer_uses_is_instance_valid (test_regress_sweep_fixes.SweepFixTests.test_spawn_placer_uses_is_instance_valid) ... ok
test_wave_manager_player_max_hp_indent (test_regress_sweep_fixes.SweepFixTests.test_wave_manager_player_max_hp_indent) ... ok
test_graphics_quality_drives_shadows_and_glow (test_regress_systems_completion.AimAssistAndGraphicsTests.test_graphics_quality_drives_shadows_and_glow) ... ok
test_targeting_reads_settings (test_regress_systems_completion.AimAssistAndGraphicsTests.test_targeting_reads_settings) ... ok
test_analytics_tracks_live_kills (test_regress_systems_completion.AnalyticsNarratorBossTests.test_analytics_tracks_live_kills) ... ok
test_boss_shockwave_exists (test_regress_systems_completion.AnalyticsNarratorBossTests.test_boss_shockwave_exists) ... ok
test_godot_suite_registered (test_regress_systems_completion.AnalyticsNarratorBossTests.test_godot_suite_registered) ... ok
test_narrator_first_of_kind (test_regress_systems_completion.AnalyticsNarratorBossTests.test_narrator_first_of_kind) ... ok
test_lock_on_input_exists (test_regress_systems_completion.LockOnTests.test_lock_on_input_exists) ... ok
test_lock_on_is_not_double_toggled (test_regress_systems_completion.LockOnTests.test_lock_on_is_not_double_toggled) ... ok
test_player_and_commands_expose_lock (test_regress_systems_completion.LockOnTests.test_player_and_commands_expose_lock) ... ok
test_shake_decay_is_consumed (test_regress_systems_completion.ShakeAndWhiskerTests.test_shake_decay_is_consumed) ... ok
test_whiskers_use_pitch (test_regress_systems_completion.ShakeAndWhiskerTests.test_whiskers_use_pitch) ... ok
test_apk_job_runs_when_validate_succeeds (test_regress_tooling_and_ci.CIPipelineTests.test_apk_job_runs_when_validate_succeeds) ... ok
test_build_needs_both (test_regress_tooling_and_ci.CIPipelineTests.test_build_needs_both) ... ok
test_diagnostics_workflow_not_pinned_to_stale_arena_branch (test_regress_tooling_and_ci.CIPipelineTests.test_diagnostics_workflow_not_pinned_to_stale_arena_branch) ... ok
test_godot_tests_stage (test_regress_tooling_and_ci.CIPipelineTests.test_godot_tests_stage) ... ok
test_publish_needs_build (test_regress_tooling_and_ci.CIPipelineTests.test_publish_needs_build) ... ok
test_validate_resources_runs_offline (test_regress_tooling_and_ci.CIPipelineTests.test_validate_resources_runs_offline) ... ok
test_workflow_has_three_stages (test_regress_tooling_and_ci.CIPipelineTests.test_workflow_has_three_stages) ... ok
test_workflows_have_operational_guardrails (test_regress_tooling_and_ci.CIPipelineTests.test_workflows_have_operational_guardrails) ... ok
test_wave_spawn_entry_count (test_regress_tooling_and_ci.ScoringAndWaveTests.test_wave_spawn_entry_count) ... ok
test_no_bare_EventBus_without_null (test_regress_tooling_and_ci.ScriptHardeningCoverageTests.test_no_bare_EventBus_without_null) ... ok
test_no_bare_GameRoot_get_run_in_main (test_regress_tooling_and_ci.ScriptHardeningCoverageTests.test_no_bare_GameRoot_get_run_in_main) ... ok
test_typed_architecture_gate (test_regress_tooling_and_ci.ScriptHardeningCoverageTests.test_typed_architecture_gate) ... ok
test_cross_file_sub_resource_reference_is_flagged (test_regress_tooling_and_ci.ValidateResourcesInheritedSubResourceTests.test_cross_file_sub_resource_reference_is_flagged) ... ok
test_editable_pointer_is_accepted (test_regress_tooling_and_ci.ValidateResourcesInheritedSubResourceTests.test_editable_pointer_is_accepted) ... ok
test_local_sub_resource_reference_is_accepted (test_regress_tooling_and_ci.ValidateResourcesInheritedSubResourceTests.test_local_sub_resource_reference_is_accepted) ... ok
test_real_enemy_scenes_pass_the_validator (test_regress_tooling_and_ci.ValidateResourcesInheritedSubResourceTests.test_real_enemy_scenes_pass_the_validator) ... ok
test_validate_assets_exists (test_regress_tooling_and_ci.ValidateResourcesTests.test_validate_assets_exists) ... ok
test_validate_glb (test_regress_tooling_and_ci.ValidateResourcesTests.test_validate_glb) ... ok
test_validate_resources_exists (test_regress_tooling_and_ci.ValidateResourcesTests.test_validate_resources_exists) ... ok
test_arena_does_not_use_autoload_identifier (test_regress_top5_hardening.AutoloadPathLookupTests.test_arena_does_not_use_autoload_identifier) ... ok
test_runner_boots_real_event_bus_node (test_regress_top5_hardening.AutoloadPathLookupTests.test_runner_boots_real_event_bus_node) ... ok
test_status_manager_looks_up_bus_by_path (test_regress_top5_hardening.AutoloadPathLookupTests.test_status_manager_looks_up_bus_by_path) ... ok
test_device_script_and_doc_exist (test_regress_top5_hardening.DeviceQaTests.test_device_script_and_doc_exist) ... ok
test_effect_director_unbinds_on_exit (test_regress_top5_hardening.EventBusLifecycleTests.test_effect_director_unbinds_on_exit) ... ok
test_event_bus_exposes_bind_unbind (test_regress_top5_hardening.EventBusLifecycleTests.test_event_bus_exposes_bind_unbind) ... ok
test_minimap_caches_arena (test_regress_top5_hardening.HotPathTests.test_minimap_caches_arena) ... ok
test_projectile_shares_two_materials (test_regress_top5_hardening.HotPathTests.test_projectile_shares_two_materials) ... ok
test_astar_taxes_wall_hugs (test_regress_top5_hardening.NavGridHardeningTests.test_astar_taxes_wall_hugs) ... ok
test_default_gate_towers_leave_throat (test_regress_top5_hardening.NavGridHardeningTests.test_default_gate_towers_leave_throat)
The Pit's twin rubble towers must leave a passable throat beside the obelisk. ... ok
test_ember_corners_clear_axis_spawns (test_regress_top5_hardening.NavGridHardeningTests.test_ember_corners_clear_axis_spawns)
The authored Ember layout keeps a jitter-proof gap to the axis spawn markers. ... ok
test_flow_prefers_south_on_ties (test_regress_top5_hardening.NavGridHardeningTests.test_flow_prefers_south_on_ties) ... ok
test_los_uses_supercover_not_center_samples (test_regress_top5_hardening.NavGridHardeningTests.test_los_uses_supercover_not_center_samples) ... ok
test_no_magic_offsets_left_in_overlay_widgets (test_regress_ui_layout_polish.LayoutSolverTests.test_no_magic_offsets_left_in_overlay_widgets) ... ok
test_root_drives_every_overlay_from_one_solution (test_regress_ui_layout_polish.LayoutSolverTests.test_root_drives_every_overlay_from_one_solution) ... ok
test_short_viewport_shrinks_the_action_cluster (test_regress_ui_layout_polish.LayoutSolverTests.test_short_viewport_shrinks_the_action_cluster) ... ok
test_solver_exists_and_is_pure (test_regress_ui_layout_polish.LayoutSolverTests.test_solver_exists_and_is_pure) ... ok
test_solver_publishes_every_overlay_rect (test_regress_ui_layout_polish.LayoutSolverTests.test_solver_publishes_every_overlay_rect) ... ok
test_touch_target_floor_is_android_accessible (test_regress_ui_layout_polish.LayoutSolverTests.test_touch_target_floor_is_android_accessible) ... ok
test_center_box_measure_is_capped_for_readability (test_regress_ui_layout_polish.ResponsiveScreenTests.test_center_box_measure_is_capped_for_readability) ... ok
test_confirm_dialog_is_sized_from_the_viewport (test_regress_ui_layout_polish.ResponsiveScreenTests.test_confirm_dialog_is_sized_from_the_viewport) ... ok
test_hud_rewrites_compact_captions_on_layout (test_regress_ui_layout_polish.ResponsiveScreenTests.test_hud_rewrites_compact_captions_on_layout) ... ok
test_menu_secondary_row_stacks_when_narrow (test_regress_ui_layout_polish.ResponsiveScreenTests.test_menu_secondary_row_stacks_when_narrow) ... ok
test_runtime_geometry_contract_is_exercised (test_regress_ui_layout_polish.ResponsiveScreenTests.test_runtime_geometry_contract_is_exercised) ... ok
test_upgrade_grid_reflows_by_width (test_regress_ui_layout_polish.ResponsiveScreenTests.test_upgrade_grid_reflows_by_width) ... ok
test_arena_chrome_files_are_present (test_regress_ui_layout_polish.ThemeConsistencyTests.test_arena_chrome_files_are_present) ... ok
test_factory_never_emits_a_small_button (test_regress_ui_layout_polish.ThemeConsistencyTests.test_factory_never_emits_a_small_button) ... ok
test_labels_use_the_project_font (test_regress_ui_layout_polish.ThemeConsistencyTests.test_labels_use_the_project_font) ... ok
test_no_hardcoded_56px_targets_remain (test_regress_ui_layout_polish.ThemeConsistencyTests.test_no_hardcoded_56px_targets_remain) ... ok
test_pressed_state_is_distinct_from_hover (test_regress_ui_layout_polish.ThemeConsistencyTests.test_pressed_state_is_distinct_from_hover) ... ok
test_spacing_scale_is_shared (test_regress_ui_layout_polish.ThemeConsistencyTests.test_spacing_scale_is_shared) ... ok
test_action_buttons_have_press_feedback (test_regress_ui_layout_polish.TouchAndFeedbackTests.test_action_buttons_have_press_feedback) ... ok
test_hud_pause_is_a_full_touch_target (test_regress_ui_layout_polish.TouchAndFeedbackTests.test_hud_pause_is_a_full_touch_target) ... ok
test_joystick_draws_in_local_space (test_regress_ui_layout_polish.TouchAndFeedbackTests.test_joystick_draws_in_local_space) ... ok
test_skill_bar_sizes_from_bar_rect (test_regress_ui_layout_polish.TouchAndFeedbackTests.test_skill_bar_sizes_from_bar_rect) ... ok
test_touch_controls_still_thumb_friendly (test_regress_ui_layout_polish.TouchAndFeedbackTests.test_touch_controls_still_thumb_friendly) ... ok
test_run_setup_uses_the_shared_select_card (test_regress_ui_modular.CataloguePickerTests.test_run_setup_uses_the_shared_select_card) ... ok
test_overlay_scaffold_is_the_only_full_screen_root (test_regress_ui_modular.FactoryVocabularyTests.test_overlay_scaffold_is_the_only_full_screen_root) ... ok
test_shared_primitives_all_live_in_ui_factory (test_regress_ui_modular.FactoryVocabularyTests.test_shared_primitives_all_live_in_ui_factory) ... ok
test_boss_meter_reuses_the_shared_fill_token (test_regress_ui_modular.MeterChromeTests.test_boss_meter_reuses_the_shared_fill_token) ... ok
test_only_the_factory_and_boss_frame_build_meters (test_regress_ui_modular.MeterChromeTests.test_only_the_factory_and_boss_frame_build_meters) ... ok
test_confirm_flow_routes_through_uimodal (test_regress_ui_modular.ModalAndScreenHeaderTests.test_confirm_flow_routes_through_uimodal) ... ok
test_floating_menus_share_the_screen_header (test_regress_ui_modular.ModalAndScreenHeaderTests.test_floating_menus_share_the_screen_header) ... ok
test_engine_runner_smokes_the_modular_components (test_regress_ui_modular.RuntimeLinkageTests.test_engine_runner_smokes_the_modular_components) ... ok
test_gauges_dock_exists_and_is_dedicated (test_regress_ui_modular.UiGaugesTests.test_gauges_dock_exists_and_is_dedicated) ... ok
test_gauges_packed_scene_is_valid_and_wired (test_regress_ui_modular.UiGaugesTests.test_gauges_packed_scene_is_valid_and_wired) ... ok
test_gauges_share_the_factory_gauge (test_regress_ui_modular.UiGaugesTests.test_gauges_share_the_factory_gauge) ... ok
test_hud_instantiates_the_packed_gauges_scene (test_regress_ui_modular.UiGaugesTests.test_hud_instantiates_the_packed_gauges_scene) ... ok
test_arena_resolve_handles_dict_and_object (test_regress_ui_skillbar_and_joystick.UISkillTests.test_arena_resolve_handles_dict_and_object) ... ok
test_run_summary_rounds_duration (test_regress_ui_skillbar_and_joystick.UISkillTests.test_run_summary_rounds_duration) ... ok
test_settings_panel_defaults_to_high (test_regress_ui_skillbar_and_joystick.UISkillTests.test_settings_panel_defaults_to_high) ... ok
test_skill_bar_connects_ready_signal (test_regress_ui_skillbar_and_joystick.UISkillTests.test_skill_bar_connects_ready_signal) ... ok
test_ui_tier_fallback_to_high (test_regress_ui_skillbar_and_joystick.UISkillTests.test_ui_tier_fallback_to_high) ... ok
test_virtual_joystick_deadzone_range (test_regress_ui_skillbar_and_joystick.UISkillTests.test_virtual_joystick_deadzone_range) ... ok
test_weapon_combo_chains_only_inside_window (test_regress_ui_skillbar_and_joystick.UISkillTests.test_weapon_combo_chains_only_inside_window) ... ok
test_arena_decorator_uses_local_position (test_regress_visuals_ring_and_effect.VisualsTests.test_arena_decorator_uses_local_position) ... ok
test_boss_slain_uses_last_boss_origin (test_regress_visuals_ring_and_effect.VisualsTests.test_boss_slain_uses_last_boss_origin) ... ok
test_effect_director_pool_caps (test_regress_visuals_ring_and_effect.VisualsTests.test_effect_director_pool_caps) ... ok
test_frost_nova_avoids_double_slow (test_regress_visuals_ring_and_effect.VisualsTests.test_frost_nova_avoids_double_slow) ... ok
test_locomotion_clamps_limit_non_negative (test_regress_visuals_ring_and_effect.VisualsTests.test_locomotion_clamps_limit_non_negative) ... ok
test_minimap_radius_clamped (test_regress_visuals_ring_and_effect.VisualsTests.test_minimap_radius_clamped) ... ok
test_ring_fade_resets_alpha (test_regress_visuals_ring_and_effect.VisualsTests.test_ring_fade_resets_alpha) ... ok
test_default_composition_is_authored_not_scattered (test_regress_warehouse_yard.WarehouseYardTests.test_default_composition_is_authored_not_scattered) ... ok
test_floor_and_half_match_the_expanded_pit (test_regress_warehouse_yard.WarehouseYardTests.test_floor_and_half_match_the_expanded_pit) ... ok
test_warehouse_model_is_mounted_and_fitted (test_regress_warehouse_yard.WarehouseYardTests.test_warehouse_model_is_mounted_and_fitted) ... ok
test_warehouse_shell_is_solid_architecture (test_regress_warehouse_yard.WarehouseYardTests.test_warehouse_shell_is_solid_architecture) ... ok
test_every_authored_field_name_exists_on_the_config (test_regress_wave_mutators.AuthoredDataTests.test_every_authored_field_name_exists_on_the_config) ... ok
test_every_shipped_mutator_matches_the_numbers_it_used_to_have (test_regress_wave_mutators.AuthoredDataTests.test_every_shipped_mutator_matches_the_numbers_it_used_to_have) ... ok
test_roll_order_is_unique_and_preserves_the_shipped_order (test_regress_wave_mutators.AuthoredDataTests.test_roll_order_is_unique_and_preserves_the_shipped_order) ... ok
test_the_folder_holds_exactly_the_shipped_mutators (test_regress_wave_mutators.AuthoredDataTests.test_the_folder_holds_exactly_the_shipped_mutators) ... ok
test_the_status_a_mutator_carries_exists_and_is_a_dot (test_regress_wave_mutators.AuthoredDataTests.test_the_status_a_mutator_carries_exists_and_is_a_dot) ... ok
test_what_is_not_authored_is_neutral_by_default (test_regress_wave_mutators.AuthoredDataTests.test_what_is_not_authored_is_neutral_by_default)
Leaving `explode_chance` out must mean 0.0 and leaving `hp_mult` out must mean 1.0 — ... ok
test_authored_references_in_the_repo_still_resolve (test_regress_wave_mutators.ContentValidationTests.test_authored_references_in_the_repo_still_resolve) ... ok
test_the_loader_registers_and_validates_the_table (test_regress_wave_mutators.ContentValidationTests.test_the_loader_registers_and_validates_the_table) ... ok
test_the_registry_exposes_the_table (test_regress_wave_mutators.ContentValidationTests.test_the_registry_exposes_the_table) ... ok
test_hardening_no_longer_recommends_the_banned_pattern (test_regress_wave_mutators.DocumentationTests.test_hardening_no_longer_recommends_the_banned_pattern) ... ok
test_the_docs_describe_the_data_and_not_the_old_table (test_regress_wave_mutators.DocumentationTests.test_the_docs_describe_the_data_and_not_the_old_table) ... ok
test_the_extension_doc_says_a_new_mutator_needs_no_code (test_regress_wave_mutators.DocumentationTests.test_the_extension_doc_says_a_new_mutator_needs_no_code) ... ok
test_every_config_field_is_either_folded_or_read (test_regress_wave_mutators.EveryKnobHasAReaderTests.test_every_config_field_is_either_folded_or_read) ... ok
test_every_folded_field_is_read_by_the_consumer_that_can_honour_it (test_regress_wave_mutators.EveryKnobHasAReaderTests.test_every_folded_field_is_read_by_the_consumer_that_can_honour_it) ... ok
test_multipliers_are_bounded_once_and_the_bounds_live_with_the_data (test_regress_wave_mutators.EveryKnobHasAReaderTests.test_multipliers_are_bounded_once_and_the_bounds_live_with_the_data) ... ok
test_status_stamping_goes_through_the_status_manager (test_regress_wave_mutators.EveryKnobHasAReaderTests.test_status_stamping_goes_through_the_status_manager) ... ok
test_the_reads_are_on_the_path_the_player_experiences (test_regress_wave_mutators.EveryKnobHasAReaderTests.test_the_reads_are_on_the_path_the_player_experiences) ... ok
test_the_record_and_the_config_agree_on_which_fields_exist (test_regress_wave_mutators.EveryKnobHasAReaderTests.test_the_record_and_the_config_agree_on_which_fields_exist) ... ok
test_the_wave_seam_refreshes_weapon_stats (test_regress_wave_mutators.EveryKnobHasAReaderTests.test_the_wave_seam_refreshes_weapon_stats) ... ok
test_a_neutral_mutator_cannot_be_shipped (test_regress_wave_mutators.NoCodeTableTests.test_a_neutral_mutator_cannot_be_shipped) ... ok
test_no_mutator_definition_or_special_case_lives_in_scripts (test_regress_wave_mutators.NoCodeTableTests.test_no_mutator_definition_or_special_case_lives_in_scripts) ... ok
test_the_selector_holds_no_definitions_and_no_id_consts (test_regress_wave_mutators.NoCodeTableTests.test_the_selector_holds_no_definitions_and_no_id_consts) ... ok
test_the_selector_neutralises_nothing_it_cannot_resolve (test_regress_wave_mutators.NoCodeTableTests.test_the_selector_neutralises_nothing_it_cannot_resolve) ... ok
test_the_stacking_rules_are_the_documented_ones (test_regress_wave_mutators.NoCodeTableTests.test_the_stacking_rules_are_the_documented_ones) ... ok
test_the_target_helpers_are_exact_id_tests_not_substring_checks (test_regress_wave_mutators.NoCodeTableTests.test_the_target_helpers_are_exact_id_tests_not_substring_checks) ... ok
test_the_volatile_draw_only_happens_when_the_wave_can_explode (test_regress_wave_mutators.NoCodeTableTests.test_the_volatile_draw_only_happens_when_the_wave_can_explode) ... ok
test_the_wave_multipliers_are_never_a_dictionary_record_in_a_consumer (test_regress_wave_mutators.NoCodeTableTests.test_the_wave_multipliers_are_never_a_dictionary_record_in_a_consumer) ... ok
test_every_field_on_the_record_is_accounted_for (test_regress_wave_mutators.RecordCompletenessTests.test_every_field_on_the_record_is_accounted_for) ... ok
test_every_folded_field_has_a_named_reader (test_regress_wave_mutators.RecordCompletenessTests.test_every_folded_field_has_a_named_reader) ... ok
test_the_ui_shows_the_authored_promise (test_regress_wave_mutators.RecordCompletenessTests.test_the_ui_shows_the_authored_promise) ... ok
test_multipliers_are_never_serialized_as_floats (test_regress_wave_mutators.RunStateAndSaveTests.test_multipliers_are_never_serialized_as_floats) ... ok
test_run_state_publishes_both_and_resets_together (test_regress_wave_mutators.RunStateAndSaveTests.test_run_state_publishes_both_and_resets_together) ... ok
test_the_summary_reports_the_mutators_it_was_given (test_regress_wave_mutators.RunStateAndSaveTests.test_the_summary_reports_the_mutators_it_was_given) ... ok
test_resolve_keeps_its_signature_for_forced_and_authored_waves (test_regress_wave_mutators.SelectionDeterminismTests.test_resolve_keeps_its_signature_for_forced_and_authored_waves) ... ok
test_the_roll_stream_and_gates_are_unchanged (test_regress_wave_mutators.SelectionDeterminismTests.test_the_roll_stream_and_gates_are_unchanged) ... ok
test_wave_manager_still_owns_the_three_sources_of_a_forced_set (test_regress_wave_mutators.SelectionDeterminismTests.test_wave_manager_still_owns_the_three_sources_of_a_forced_set) ... ok
test_a_broken_number_is_reported_before_it_is_bounded (test_regress_wave_mutators.TypedHandoffTests.test_a_broken_number_is_reported_before_it_is_bounded) ... ok
test_debug_dictionary_is_a_snapshot_boundary_only (test_regress_wave_mutators.TypedHandoffTests.test_debug_dictionary_is_a_snapshot_boundary_only) ... ok
test_the_consumers_take_the_record_not_a_dictionary (test_regress_wave_mutators.TypedHandoffTests.test_the_consumers_take_the_record_not_a_dictionary) ... ok
test_the_fold_order_is_plan_then_director_then_mutators_then_bounds (test_regress_wave_mutators.TypedHandoffTests.test_the_fold_order_is_plan_then_director_then_mutators_then_bounds) ... ok
test_the_only_dictionary_left_is_the_planner_seam_and_it_is_documented (test_regress_wave_mutators.TypedHandoffTests.test_the_only_dictionary_left_is_the_planner_seam_and_it_is_documented) ... ok
test_the_record_folds_without_naming_keys_in_the_callers (test_regress_wave_mutators.TypedHandoffTests.test_the_record_folds_without_naming_keys_in_the_callers) ... ok
test_the_spawner_reads_nothing_by_string_key (test_regress_wave_mutators.TypedHandoffTests.test_the_spawner_reads_nothing_by_string_key) ... ok
test_prune_finite (test_regress_wave_systems.DifficultyDirectorTests.test_prune_finite) ... ok
test_pool_size_clamped (test_regress_wave_systems.PickupManagerTests.test_pool_size_clamped) ... ok
test_validated_counts (test_regress_wave_systems.WaveConfigTests.test_validated_counts) ... ok
test_nudge_is_a_pure_spread_over_the_original_queue (test_regress_wave_systems.WaveManagerNudgeTests.test_nudge_is_a_pure_spread_over_the_original_queue) ... ok
test_generate_wave_clamps (test_regress_wave_systems.WavePlannerTests.test_generate_wave_clamps) ... ok
test_drop_table_chance_clamped (test_regress_waves_and_spawn.WavesSpawnTests.test_drop_table_chance_clamped) ... ok
test_scoring_wave_floor (test_regress_waves_and_spawn.WavesSpawnTests.test_scoring_wave_floor) ... ok
test_spawn_placer_uses_half_param (test_regress_waves_and_spawn.WavesSpawnTests.test_spawn_placer_uses_half_param) ... ok
test_wave_planner_int_division (test_regress_waves_and_spawn.WavesSpawnTests.test_wave_planner_int_division) ... ok
test_dps_band (test_regress_weapon_balance.WeaponBalanceTests.test_dps_band) ... ok
test_weapon_configs_valid (test_regress_weapon_balance.WeaponBalanceTests.test_weapon_configs_valid) ... ok
test_excluded_textures_have_no_live_literal_references (test_scifi_environment.StationTests.test_excluded_textures_have_no_live_literal_references) ... ok
test_generated_outputs_are_verified (test_scifi_environment.StationTests.test_generated_outputs_are_verified) ... ok
test_native_and_pack_sizes_are_separate (test_scifi_environment.StationTests.test_native_and_pack_sizes_are_separate) ... ok
test_selected_download_budget_and_licence (test_scifi_environment.StationTests.test_selected_download_budget_and_licence) ... ok
test_aim_is_selected_before_weapon_starts_and_3d_spread_is_used (test_station_shooter.ShooterTests.test_aim_is_selected_before_weapon_starts_and_3d_spread_is_used) ... ok
test_authored_bundle_is_verified_and_below_two_mib (test_station_shooter.ShooterTests.test_authored_bundle_is_verified_and_below_two_mib) ... ok
test_every_enabled_gun_has_magazine_and_no_melee_resolver (test_station_shooter.ShooterTests.test_every_enabled_gun_has_magazine_and_no_melee_resolver) ... ok
test_every_robot_has_valid_skin_and_sparse_finite_motion (test_station_shooter.ShooterTests.test_every_robot_has_valid_skin_and_sparse_finite_motion) ... ok
test_fire_reload_death_and_movement_are_not_idle_aliases (test_station_shooter.ShooterTests.test_fire_reload_death_and_movement_are_not_idle_aliases) ... ok
test_hold_fire_has_no_repeat_buffer_or_toast (test_station_shooter.ShooterTests.test_hold_fire_has_no_repeat_buffer_or_toast) ... ok
test_live_contract_and_selected_clips_match_robot (test_station_shooter.ShooterTests.test_live_contract_and_selected_clips_match_robot) ... ok
test_missing_shooter_clip_and_bitmap_regressions_fail (test_station_shooter.ShooterTests.test_missing_shooter_clip_and_bitmap_regressions_fail) ... ok
test_shipping_literals_never_reference_excluded_assets (test_station_shooter.ShooterTests.test_shipping_literals_never_reference_excluded_assets) ... ok

----------------------------------------------------------------------
Ran 1074 tests in 9.357s

OK
